# ************************************************************
# Sequel Pro SQL dump
# Versión 4541
#
# http://www.sequelpro.com/
# https://github.com/sequelpro/sequelpro
#
# Host: 127.0.0.1 (MySQL 5.5.5-10.4.28-MariaDB)
# Base de datos: transmision
# Tiempo de Generación: 2024-03-19 19:20:40 +0000
# ************************************************************


/*!40101 SET @OLD_CHARACTER_SET_CLIENT=@@CHARACTER_SET_CLIENT */;
/*!40101 SET @OLD_CHARACTER_SET_RESULTS=@@CHARACTER_SET_RESULTS */;
/*!40101 SET @OLD_COLLATION_CONNECTION=@@COLLATION_CONNECTION */;
/*!40101 SET NAMES utf8 */;
/*!40014 SET @OLD_FOREIGN_KEY_CHECKS=@@FOREIGN_KEY_CHECKS, FOREIGN_KEY_CHECKS=0 */;
/*!40101 SET @OLD_SQL_MODE=@@SQL_MODE, SQL_MODE='NO_AUTO_VALUE_ON_ZERO' */;
/*!40111 SET @OLD_SQL_NOTES=@@SQL_NOTES, SQL_NOTES=0 */;


# Volcado de tabla archivos
# ------------------------------------------------------------

DROP TABLE IF EXISTS `archivos`;

CREATE TABLE `archivos` (
  `id` int(10) NOT NULL AUTO_INCREMENT,
  `nombre_archivo` varchar(240) DEFAULT NULL,
  `folder` varchar(240) DEFAULT NULL,
  `equipo_id` int(10) DEFAULT NULL,
  `gabinete_id` int(10) DEFAULT NULL,
  PRIMARY KEY (`id`)
) ENGINE=InnoDB DEFAULT CHARSET=utf8mb4 COLLATE=utf8mb4_general_ci;

LOCK TABLES `archivos` WRITE;
/*!40000 ALTER TABLE `archivos` DISABLE KEYS */;

INSERT INTO `archivos` (`id`, `nombre_archivo`, `folder`, `equipo_id`, `gabinete_id`)
VALUES
	(1,'PCYM NIZ 73480','PDF',NULL,122),
	(2,'PCYM TIN 73C60','PDF',NULL,122),
	(3,'PCYM TIN 73C80','PDF',NULL,122),
	(4,'PCYM TIN 87B 115KV_1','PDF',NULL,122),
	(5,'PCYM TIN 87B 115KV_2','PDF',NULL,121),
	(6,'PCYM TIN 73480','PDF',NULL,121),
	(7,'PCYM TIN 77000_1','PDF',NULL,121),
	(8,'PCYM TIN ESMAR','PDF',NULL,121),
	(9,'PCYM TIN MMF','PDF',NULL,121);

/*!40000 ALTER TABLE `archivos` ENABLE KEYS */;
UNLOCK TABLES;


# Volcado de tabla caracteristicas_de_equipos
# ------------------------------------------------------------

DROP TABLE IF EXISTS `caracteristicas_de_equipos`;

CREATE TABLE `caracteristicas_de_equipos` (
  `id` int(10) NOT NULL AUTO_INCREMENT,
  `equipo_id` int(10) DEFAULT NULL,
  `caracteristica_id` int(10) DEFAULT NULL,
  `valor` longtext DEFAULT NULL,
  KEY `id` (`id`)
) ENGINE=InnoDB DEFAULT CHARSET=utf8mb4 COLLATE=utf8mb4_general_ci;

LOCK TABLES `caracteristicas_de_equipos` WRITE;
/*!40000 ALTER TABLE `caracteristicas_de_equipos` DISABLE KEYS */;

INSERT INTO `caracteristicas_de_equipos` (`id`, `equipo_id`, `caracteristica_id`, `valor`)
VALUES
	(1,34,1,'192.168.1.256'),
	(2,103,2,'HIM 7000'),
	(3,34,2,'HIM 7000'),
	(4,103,1,'192.168.1.256'),
	(5,133,7,'375 HZ'),
	(6,133,8,'290 HZ'),
	(7,133,1,'10.28.83.82'),
	(8,133,6,'1.44'),
	(9,133,2,'POWERSYS'),
	(10,134,7,'85 HZ'),
	(11,134,8,'105 HZ'),
	(12,134,1,'10.28.83.84'),
	(13,134,6,'1.44'),
	(14,134,2,'POWERSYS'),
	(15,126,7,'120 HZ'),
	(16,126,8,'335 HZ'),
	(17,126,1,'10.128.98.3'),
	(18,126,6,'1.44'),
	(19,126,2,'POWERSYS'),
	(20,128,7,'320 HZ'),
	(21,128,8,'305 HZ'),
	(22,128,1,'10.28.84.57'),
	(23,128,6,'1.44'),
	(24,128,2,'POWERSYS'),
	(25,120,7,'455 HZ'),
	(26,120,8,'485 HZ'),
	(27,135,7,'331.25 HZ'),
	(28,135,8,'116.25 HZ'),
	(29,135,1,'10.28.83.80'),
	(30,135,6,'1.44'),
	(31,135,2,'POWERSYS'),
	(32,136,7,'320 HZ'),
	(33,136,8,'305 HZ'),
	(34,136,1,'10.28.83.78'),
	(35,136,6,'1.44'),
	(36,136,2,'POWERSYS'),
	(37,132,7,'455 HZ'),
	(38,132,8,'485 HZ'),
	(39,137,7,'245 HZ'),
	(40,137,8,'260 HZ'),
	(41,137,1,'10.28.83.76'),
	(42,137,6,'1.44'),
	(43,137,2,'POWERSYS'),
	(44,129,7,'245 HZ'),
	(45,129,8,'260 HZ'),
	(46,129,1,'10.28.82.44'),
	(47,129,6,'1.44'),
	(48,129,2,'POWERSYS'),
	(49,130,7,'275 HZ'),
	(50,130,8,'350 HZ'),
	(51,130,1,'10.28.82.44'),
	(52,130,6,'1.44'),
	(53,130,2,'POWERSYS'),
	(54,138,7,'275 HZ'),
	(55,138,8,'350 HZ'),
	(56,138,1,'10.28.83.74'),
	(57,138,6,'1.44'),
	(58,138,2,'POWERSYS'),
	(59,122,7,'170 HZ'),
	(60,122,8,'225 HZ'),
	(61,122,1,'10.28.84.114'),
	(62,122,6,'1.21'),
	(63,122,2,'POWERSYS'),
	(64,131,7,'65 HZ'),
	(65,131,8,'95 HZ'),
	(66,4,7,'145 HZ'),
	(67,4,8,'240 HZ'),
	(68,4,1,'10.28.30.174'),
	(69,4,34,'3'),
	(70,4,35,'3'),
	(71,4,10,'Master'),
	(72,4,2,'e-tarregridcom T390'),
	(80,1,7,'160 HZ'),
	(81,1,8,'230 HZ'),
	(82,1,1,'10.28.30.178'),
	(83,1,34,'3'),
	(84,1,35,'3'),
	(85,1,10,'Master'),
	(86,1,2,'e-tarregridcom T390'),
	(87,149,7,'240 HZ'),
	(88,149,8,'145 HZ'),
	(89,149,1,'10.28.84.26'),
	(90,149,34,'3'),
	(91,149,35,'3'),
	(92,149,10,'Esclavo'),
	(93,149,2,'e-tarregridcom T390'),
	(103,214,1,'28.1.3.60'),
	(104,214,36,'28.0.3.60\r\n'),
	(105,239,1,'28.1.17.82\r\n'),
	(106,215,1,'28.1.17.83\r\n'),
	(107,27,1,'28.1.3.59\r\n'),
	(108,27,36,'28.0.3.59\r\n'),
	(109,29,1,'28.1.19.65\r\n'),
	(110,216,1,'28.1.3.6\r\n'),
	(111,216,36,'28.0.3.6\r\n'),
	(112,217,1,'28.1.17.1\r\n'),
	(113,218,1,'28.1.3.45\r\n'),
	(114,218,36,'28.0.3.45\r\n'),
	(115,219,1,'28.1.17.97\r\n'),
	(116,220,1,'28.1.3.33\r\n'),
	(117,220,36,'28.0.3.33\r\n'),
	(118,221,1,'28.1.17.145\r\n'),
	(119,185,1,'28.1.3.61'),
	(120,185,36,'28.0.3.61'),
	(121,189,1,'28.1.19.97\r\n'),
	(123,228,1,'28.1.3.62'),
	(124,228,36,'28.0.3.62'),
	(125,229,1,'28.1.19.81\r\n'),
	(126,202,1,'28.1.3.63\r\n'),
	(127,202,36,'28.0.3.63\r\n'),
	(128,203,1,'28.1.19.113\r\n'),
	(129,232,1,'28.1.3.51'),
	(130,232,36,'28.0.3.51'),
	(131,246,1,'28.1.19.33'),
	(132,233,1,'28.1.19.49\r\n'),
	(133,234,1,'28.1.3.19'),
	(134,234,36,'28.0.3.19\r\n'),
	(135,237,1,'28.1.18.178'),
	(139,242,1,'28.1.3.4'),
	(140,242,36,'28.0.3.4'),
	(141,243,1,'28.1.17.94\r\n'),
	(142,244,1,'28.1.3.2'),
	(143,244,36,'28.0.3.2'),
	(144,245,1,'28.1.17.209\r\n'),
	(145,251,1,'28.1.3.43\r\n'),
	(146,251,36,'28.0.3.43\r\n'),
	(147,260,1,'28.1.18.146\r\n'),
	(148,253,1,'28.1.3.43\r\n'),
	(149,253,36,'28.0.3.43\r\n');

/*!40000 ALTER TABLE `caracteristicas_de_equipos` ENABLE KEYS */;
UNLOCK TABLES;


# Volcado de tabla departamento
# ------------------------------------------------------------

DROP TABLE IF EXISTS `departamento`;

CREATE TABLE `departamento` (
  `id` int(10) NOT NULL AUTO_INCREMENT,
  `nombre` varchar(260) DEFAULT NULL,
  PRIMARY KEY (`id`)
) ENGINE=InnoDB DEFAULT CHARSET=utf8mb4 COLLATE=utf8mb4_general_ci;

LOCK TABLES `departamento` WRITE;
/*!40000 ALTER TABLE `departamento` DISABLE KEYS */;

INSERT INTO `departamento` (`id`, `nombre`)
VALUES
	(1,'SUPERINTENDENCIA'),
	(2,'COMUNICACIONES'),
	(3,'SUBESTACIONES'),
	(5,'GERENCIA'),
	(6,'ADMINISTRACION'),
	(7,'GESTION Y SEPROMEPRO'),
	(8,'SUPERINTENDENCIA'),
	(9,'LINEAS DE TRANSMISION'),
	(10,'PROTECIONES'),
	(11,'INFORMATICA'),
	(12,'CALIDAD Y SEGUIMIENTO'),
	(13,'MODERNIZACION'),
	(14,'AUX.ADMINISTRATIVO'),
	(15,'PROTECCIONES'),
	(16,'CONTROL'),
	(17,'OFICINAS'),
	(18,'ALMACEN'),
	(19,'SUBESTACION'),
	(20,'CASETA DE COMUNICACIONES'),
	(24,'SECTOR PLAYA DEL CARMEN'),
	(25,'ZONA DE OPERACION CANCUN'),
	(26,'CENTRO DE OPERACION REGIONAL DE FIBRA OPTICA');

/*!40000 ALTER TABLE `departamento` ENABLE KEYS */;
UNLOCK TABLES;


# Volcado de tabla direcciones_ip
# ------------------------------------------------------------

DROP TABLE IF EXISTS `direcciones_ip`;

CREATE TABLE `direcciones_ip` (
  `id` int(11) unsigned NOT NULL AUTO_INCREMENT,
  `se` int(10) DEFAULT NULL,
  `id_equipo` int(10) DEFAULT NULL,
  `identificacion` varchar(250) DEFAULT NULL,
  `direccion` varchar(50) DEFAULT NULL,
  `depto` varchar(50) DEFAULT NULL,
  `comentario` longtext DEFAULT NULL,
  PRIMARY KEY (`id`)
) ENGINE=InnoDB DEFAULT CHARSET=utf8mb4 COLLATE=utf8mb4_general_ci;

LOCK TABLES `direcciones_ip` WRITE;
/*!40000 ALTER TABLE `direcciones_ip` DISABLE KEYS */;

INSERT INTO `direcciones_ip` (`id`, `se`, `id_equipo`, `identificacion`, `direccion`, `depto`, `comentario`)
VALUES
	(1,1,21,'ap','10.1.1.1','COMS',NULL);

/*!40000 ALTER TABLE `direcciones_ip` ENABLE KEYS */;
UNLOCK TABLES;


# Volcado de tabla directorio
# ------------------------------------------------------------

DROP TABLE IF EXISTS `directorio`;

CREATE TABLE `directorio` (
  `id` int(11) unsigned NOT NULL AUTO_INCREMENT,
  `nombre` varchar(100) DEFAULT NULL,
  `apellido` varchar(100) DEFAULT NULL,
  `puesto` int(11) DEFAULT NULL,
  `extension` int(11) DEFAULT NULL,
  `departamento` int(10) DEFAULT NULL,
  `zona` int(10) DEFAULT NULL,
  `prioridad` int(11) DEFAULT 9,
  PRIMARY KEY (`id`)
) ENGINE=InnoDB DEFAULT CHARSET=utf8mb4 COLLATE=utf8mb4_general_ci;

LOCK TABLES `directorio` WRITE;
/*!40000 ALTER TABLE `directorio` DISABLE KEYS */;

INSERT INTO `directorio` (`id`, `nombre`, `apellido`, `puesto`, `extension`, `departamento`, `zona`, `prioridad`)
VALUES
	(1,NULL,NULL,1,35001,1,1,9),
	(2,'ARICELA ','GONZALEZ PEÑA',22,35002,1,1,9),
	(3,NULL,NULL,4,35003,17,1,9),
	(4,NULL,NULL,19,35010,12,1,3),
	(5,'MICHEL','KUMUL SOLIS',17,35011,12,1,9),
	(6,'GABRIELA','MEDINA RUIZ',25,35012,12,1,9),
	(7,'EDWIN ','FUENTES UK',19,35020,3,1,3),
	(8,'ERIKA ','HERNANDEZ SALCIDO',2,35021,3,1,9),
	(9,'JOSE','ALFREDO OROZCO',15,35022,3,1,3),
	(10,NULL,NULL,16,35024,3,1,9),
	(11,'CARLOS','ZARATE',19,35030,9,1,3),
	(12,NULL,NULL,16,35033,9,1,9),
	(13,'DANIEL ','HERNADEZ ZACARIAS',19,35040,15,1,3),
	(14,'CAROLINA','CAMARA MEDINA ',2,35041,15,1,9),
	(15,'FRANCISCO','MEDINA RUIZ',17,35042,15,1,9),
	(16,NULL,NULL,16,35043,15,1,9),
	(17,'MIGUEL','VERDIN RUIZ',19,35050,2,1,3),
	(18,'JAVIER ISMAEL','MARIN HERRRERA',17,35051,2,1,9),
	(19,'ADAN','MEDINA GRIMALDO',15,35054,2,1,3),
	(20,NULL,NULL,60,35056,2,1,9),
	(21,'SERGIO','QUIJANO FERNANDEZ',19,35060,16,1,3),
	(22,'VIRIDIANA','RODRIGUEZ PARRAZAL',2,35061,16,1,9),
	(23,NULL,NULL,16,35062,16,1,9),
	(24,'SERGIO ','ESPINOSA ARCILA',17,35063,16,1,9),
	(25,'E.F MISAEL','ESPINOZA CUEVAS',19,35070,7,1,3),
	(26,'AHIRA','SOLIS PAZ',2,35071,7,1,9),
	(27,'ALEJANDRO','DOMINGUEZ LEÓN',17,35072,7,1,9),
	(28,'GILDA ELVIRA','CAUICH  CHIM',51,35074,7,1,9),
	(29,NULL,NULL,52,35076,17,1,9),
	(30,NULL,NULL,18,35077,17,1,9),
	(31,NULL,NULL,53,35078,17,1,9),
	(32,'ABRIL','TZEC RAMIREZ',19,35080,6,1,3),
	(33,'ERIKA','ORTIZ VAZQUEZ',2,35081,6,1,9),
	(34,NULL,NULL,15,35082,6,1,3),
	(35,'MARIA ','HERRERA CHAN',54,35083,6,1,9),
	(36,'KARINA','BENITEZ COUOH',55,35084,6,1,9),
	(37,'CINTIA','MAGAÑA RAMIREZ',56,35085,6,1,9),
	(38,'MA. DANIELA','MUÑOZ PERERA',57,35086,6,1,9),
	(39,'ALMA','COUOH KOH',58,35087,6,1,9),
	(40,'CINDY','CAUICH CHALE',59,35088,6,1,9),
	(41,'JOSE','MARIA CABALLERO',19,35090,13,1,3),
	(42,NULL,NULL,17,35091,13,1,9),
	(43,'AMADA ','LARA PEÓN',17,35100,18,1,9),
	(44,'NIZ',NULL,11,35101,19,1,2),
	(45,'NIZ',NULL,12,35102,19,1,2),
	(47,'BLM',NULL,14,35104,19,1,2),
	(48,'PCN',NULL,10,35105,19,1,2),
	(49,'CNC',NULL,13,35106,19,1,2),
	(50,'RMY',NULL,5,35107,19,1,2),
	(51,'RMY',NULL,6,35108,19,1,2),
	(52,'RMY',NULL,7,35109,19,1,2),
	(53,'RMY',NULL,8,35110,19,1,2),
	(54,NULL,NULL,61,35151,20,1,9),
	(55,NULL,NULL,62,35152,20,1,9),
	(56,NULL,NULL,63,35153,20,1,9),
	(57,'NIZ',NULL,64,35154,19,1,2),
	(58,NULL,NULL,65,35155,20,1,9),
	(59,NULL,NULL,66,35200,24,1,9),
	(60,NULL,NULL,4,35201,24,1,9),
	(61,NULL,NULL,15,35220,24,1,3),
	(62,NULL,NULL,67,35221,24,1,9),
	(63,'MISAEL','ESPISNOSA CUEVAS',68,35250,24,1,9),
	(64,'DAVID','MONTERO BARRERA',69,35251,24,1,9),
	(65,NULL,NULL,70,39025,25,3,1),
	(66,NULL,NULL,70,39026,25,3,1),
	(67,NULL,NULL,70,39027,25,3,1),
	(68,NULL,NULL,71,30253,26,4,1),
	(69,NULL,NULL,72,30254,26,4,1),
	(70,'TIN','CASETA DE CONTROL',73,35111,19,1,2),
	(72,NULL,NULL,16,35052,2,1,9),
	(73,'CHY','CASETA DE CONTROL ',74,35117,19,1,2),
	(74,'TIN GIS 115',NULL,73,35112,19,1,2),
	(75,'TIN CASETA SEGURIDAD',NULL,73,35113,19,1,2),
	(76,'PTP','CASETA DE CONTROL',75,35114,19,1,2),
	(77,'PTP','GIS',75,35115,19,1,2),
	(78,'PTP','CASETA VIGILANCIA',75,35116,19,1,2);

/*!40000 ALTER TABLE `directorio` ENABLE KEYS */;
UNLOCK TABLES;


# Volcado de tabla gabinetes
# ------------------------------------------------------------

DROP TABLE IF EXISTS `gabinetes`;

CREATE TABLE `gabinetes` (
  `id` int(10) NOT NULL AUTO_INCREMENT,
  `subestacion` int(10) DEFAULT NULL,
  `etiqueta` varchar(3) DEFAULT NULL,
  `archivo` tinyint(1) DEFAULT NULL,
  KEY `id` (`id`)
) ENGINE=InnoDB DEFAULT CHARSET=utf8mb4 COLLATE=utf8mb4_general_ci;

LOCK TABLES `gabinetes` WRITE;
/*!40000 ALTER TABLE `gabinetes` DISABLE KEYS */;

INSERT INTO `gabinetes` (`id`, `subestacion`, `etiqueta`, `archivo`)
VALUES
	(1,1,'A1',NULL),
	(2,1,'A2',NULL),
	(3,1,'A3',NULL),
	(4,1,'A4',NULL),
	(5,1,'A5',NULL),
	(29,1,'A29',NULL),
	(7,1,'A7',NULL),
	(30,1,'A30',NULL),
	(31,1,'A31',NULL),
	(33,1,'A33',NULL),
	(34,1,'B1',NULL),
	(35,1,'B2',NULL),
	(36,1,'B3',NULL),
	(37,1,'B4',NULL),
	(38,1,'B5',NULL),
	(39,1,'B6',NULL),
	(42,1,'B9',NULL),
	(44,1,'B11',NULL),
	(53,1,'B16',NULL),
	(56,1,'C1',NULL),
	(57,1,'C2',NULL),
	(58,1,'C3',NULL),
	(59,1,'C4',NULL),
	(60,1,'C5',NULL),
	(61,1,'C6',NULL),
	(62,1,'C7',NULL),
	(63,1,'C8',NULL),
	(64,1,'C9',NULL),
	(65,1,'C10',NULL),
	(66,1,'C11',NULL),
	(67,1,'C12',NULL),
	(68,1,'C13',NULL),
	(69,1,'C14',NULL),
	(70,1,'C15',NULL),
	(71,1,'C16',NULL),
	(72,1,'C17',NULL),
	(73,1,'C18',NULL),
	(74,1,'C19',NULL),
	(75,1,'C20',NULL),
	(76,1,'C21',NULL),
	(77,1,'C22',NULL),
	(78,1,'C23',NULL),
	(79,1,'C24',NULL),
	(100,2,'A1',0),
	(101,2,'A2',2),
	(102,2,'A3',3),
	(103,2,'A4',1),
	(104,2,'A5',7),
	(105,2,'A6',6),
	(106,2,'A7',5),
	(107,2,'A8',8),
	(108,2,'A9',4),
	(109,2,'A10',9),
	(110,2,'B1',NULL),
	(111,2,'B2',NULL),
	(112,2,'B3',NULL),
	(113,2,'B4',NULL),
	(114,2,'B5',NULL),
	(115,2,'B6',NULL),
	(116,2,'B7',NULL),
	(117,2,'B8',NULL),
	(118,2,'B9',NULL),
	(119,2,'B10',NULL),
	(120,2,'B11',NULL),
	(121,2,'B12',NULL),
	(122,2,'B13',NULL),
	(123,2,'C1',NULL),
	(124,2,'C2',NULL),
	(125,2,'C3',NULL),
	(126,2,'C4',NULL),
	(127,2,'C5',NULL),
	(128,2,'C6',NULL),
	(129,2,'C7',NULL),
	(130,2,'C8',NULL),
	(131,2,'C9',NULL),
	(132,2,'C10',NULL),
	(133,2,'C11',NULL),
	(134,2,'C12',NULL),
	(135,2,'C13',NULL),
	(136,2,'C14',NULL),
	(137,2,'D1',NULL),
	(138,2,'D2',NULL),
	(139,2,'D3',NULL),
	(140,2,'D4',NULL),
	(141,2,'D5',NULL),
	(142,2,'D12',NULL),
	(143,2,'D13',NULL),
	(144,2,'D14',NULL),
	(145,2,'D15',NULL),
	(147,3,'A2',NULL),
	(146,3,'A1',NULL),
	(148,5,'A1',NULL),
	(149,5,'A2',NULL),
	(150,4,'A1',NULL),
	(151,4,'A2',NULL),
	(152,4,'A3',NULL),
	(153,4,'A4',NULL),
	(154,4,'A5',NULL),
	(155,4,'A6',NULL),
	(255,1,'A6',NULL),
	(256,8,'A1',NULL),
	(257,8,'A2',NULL),
	(258,8,'A3',NULL),
	(259,8,'A4',NULL),
	(260,8,'A5',NULL),
	(261,8,'A8',NULL),
	(262,8,'A9',NULL),
	(263,8,'A10',NULL),
	(264,8,'B1',NULL),
	(265,8,'B2',NULL),
	(266,8,'B3',NULL),
	(267,8,'B4',NULL),
	(268,8,'B9',NULL),
	(269,8,'B10',NULL),
	(270,8,'B11',NULL),
	(271,8,'B12',NULL),
	(272,8,'B13',NULL),
	(273,8,'C1',NULL),
	(274,8,'C2',NULL),
	(275,8,'C3',NULL),
	(276,8,'C6',NULL),
	(277,8,'C7',NULL),
	(278,8,'C8',NULL),
	(279,8,'C12',NULL),
	(280,8,'C13',NULL),
	(281,8,'C14',NULL),
	(282,8,'D1',NULL),
	(283,8,'D2',NULL),
	(284,8,'D3',NULL),
	(285,8,'D12',NULL),
	(286,8,'D13',NULL),
	(287,8,'D14',NULL),
	(288,8,'D15',NULL),
	(289,5,'A3',NULL),
	(290,9,'A1',NULL),
	(291,10,'A1',NULL),
	(292,1,'D15',NULL),
	(293,1,'D14',NULL),
	(294,1,'B7',NULL),
	(295,1,'B8',NULL),
	(296,1,'A8',NULL),
	(297,1,'B10',NULL),
	(299,10,'A2',NULL),
	(300,10,'A3',NULL),
	(301,10,'A4',NULL),
	(302,10,'A5',NULL),
	(303,10,'A6',NULL),
	(304,10,'A9',NULL),
	(305,10,'A10',NULL),
	(306,10,'A11',NULL),
	(307,10,'A12',NULL),
	(308,10,'A13',NULL),
	(309,10,'B1',NULL),
	(310,10,'B2',NULL),
	(311,10,'B3',NULL),
	(312,10,'B4',NULL),
	(313,10,'B5',NULL),
	(314,10,'B6',NULL),
	(315,10,'B7',NULL),
	(316,10,'B10',NULL),
	(317,10,'B11',NULL),
	(318,10,'B12',NULL),
	(319,10,'B13',NULL),
	(320,10,'C1',NULL),
	(321,10,'C2',NULL),
	(322,10,'C3',NULL),
	(323,10,'C4',NULL),
	(324,10,'C5',NULL),
	(325,10,'C8',NULL),
	(326,10,'C9',NULL),
	(327,10,'C10',NULL),
	(328,10,'C13',NULL),
	(329,10,'C14',NULL),
	(330,10,'C15',NULL),
	(331,10,'D1',NULL),
	(332,10,'D2',NULL),
	(333,10,'D3',NULL),
	(334,10,'D13',NULL),
	(335,10,'D14',NULL),
	(336,10,'D15',NULL),
	(337,10,'D16',NULL),
	(338,1,'A9',NULL),
	(339,11,'A1',NULL),
	(340,12,'A1',NULL),
	(341,13,'A1',NULL),
	(342,14,'A1',NULL),
	(343,16,'A1',NULL),
	(344,17,'A1',NULL),
	(345,18,'A1',NULL),
	(346,19,'A1',NULL),
	(347,6,'A1',NULL),
	(348,7,'A1',NULL),
	(349,21,'A1',NULL),
	(350,22,'A1',NULL),
	(351,23,'A1',NULL),
	(352,24,'B1',NULL),
	(353,25,'A1',NULL),
	(354,31,'A1',NULL),
	(355,30,'A1',NULL),
	(356,32,'A1',NULL),
	(357,33,'A1',NULL),
	(358,34,'A1',NULL),
	(359,35,'A1',NULL),
	(360,36,'A1',NULL),
	(361,37,'A1',NULL),
	(362,38,'A1',NULL);

/*!40000 ALTER TABLE `gabinetes` ENABLE KEYS */;
UNLOCK TABLES;


# Volcado de tabla interruptores
# ------------------------------------------------------------

DROP TABLE IF EXISTS `interruptores`;

CREATE TABLE `interruptores` (
  `id` int(10) NOT NULL AUTO_INCREMENT,
  `etiqueta` varchar(240) DEFAULT NULL,
  `puerto` int(10) DEFAULT NULL,
  `estado` tinyint(1) DEFAULT NULL,
  `gabinete` int(10) DEFAULT NULL,
  `descripcion` longtext DEFAULT NULL,
  KEY `id` (`id`)
) ENGINE=InnoDB DEFAULT CHARSET=utf8mb4 COLLATE=utf8mb4_general_ci;

LOCK TABLES `interruptores` WRITE;
/*!40000 ALTER TABLE `interruptores` DISABLE KEYS */;

INSERT INTO `interruptores` (`id`, `etiqueta`, `puerto`, `estado`, `gabinete`, `descripcion`)
VALUES
	(1,'SECCION CCAC N.1 C.CONTROL',1,1,124,NULL),
	(2,'MANTENIMIENTO AREA 115 KV',2,1,124,NULL),
	(3,'CARGADOR DE BAT. N.1 DE 125 VCD',3,1,124,NULL),
	(4,'CARGADOR DE BAT. N.2 DE 125 VCD',4,1,124,NULL),
	(5,'CARGADOR DE BAT. N.3 DE A125 VCD',5,1,124,NULL),
	(6,'SECCION CCAC N.1 ALUM. EXTERIOR',6,1,124,NULL),
	(7,'SECCION CARGA PLANTA DE EMERGENCIA',7,1,124,NULL),
	(8,'EXTRARTOR SALA DE BATERIAS',8,1,124,NULL),
	(9,'AIRE ACOND. CASETA DE CONTROL C-1',9,NULL,124,NULL),
	(10,'AIRE ACOND. CASETA DE CONTROL C-2',10,NULL,124,NULL),
	(11,'AIRE ACOND. CASETA DE CONTROL C-3',11,NULL,124,NULL),
	(12,'AIRE ACOND. CASETA DE CONTROL C-4',12,NULL,124,NULL),
	(13,'AIRE ACOND. CASETA DE CONTROL C-5',13,NULL,124,NULL),
	(14,'AIRE ACOND. CASETA DE CONTROL C-6',14,NULL,124,NULL),
	(15,NULL,15,NULL,124,NULL),
	(16,NULL,16,NULL,124,NULL),
	(17,'CASETA DE VIGILANCIA',17,NULL,124,NULL),
	(18,NULL,18,NULL,124,NULL),
	(19,'CALEF Y ALUMB. TABL NODO Y ROUTER',19,NULL,124,NULL),
	(20,'CALEF Y ALUMB. TAB C10/RADIO',20,NULL,124,NULL),
	(21,'SISTEMA MODULAR DE FUERZA 12 VCD',21,NULL,124,NULL),
	(22,'SISTEMA MODULAR DE FUERZA 48 VCD 1 ',22,NULL,124,NULL),
	(23,'SISTEMA MODULAR DE FUERZA 48 VCD 2',23,NULL,124,NULL),
	(24,'SISTEMA MODULAR DE FUERZA 48 VCD 3',24,NULL,124,NULL),
	(25,'VCA GIS E07',25,NULL,124,NULL),
	(26,NULL,26,NULL,124,NULL),
	(27,'CA E06 01',27,NULL,124,NULL),
	(28,NULL,28,NULL,124,NULL),
	(29,'EDIFICIO SF.6',29,NULL,124,NULL),
	(30,'CASETA DE FACTURACION ',30,NULL,124,NULL),
	(31,'CA E06-02',31,NULL,124,NULL);

/*!40000 ALTER TABLE `interruptores` ENABLE KEYS */;
UNLOCK TABLES;


# Volcado de tabla lista_de_equipos
# ------------------------------------------------------------

DROP TABLE IF EXISTS `lista_de_equipos`;

CREATE TABLE `lista_de_equipos` (
  `id` int(10) NOT NULL AUTO_INCREMENT,
  `nombre` varchar(260) DEFAULT NULL,
  `modelo` int(10) DEFAULT NULL,
  `etiquetaTablero` varchar(260) DEFAULT NULL,
  `numeroR3` int(10) DEFAULT NULL,
  `serialNumber` varchar(20) NOT NULL,
  `gabinete` int(10) DEFAULT NULL,
  `posicionRackStart` int(10) DEFAULT NULL,
  `posicionRackEnd` int(10) DEFAULT NULL,
  `puertos_especificos` tinyint(1) DEFAULT 0,
  PRIMARY KEY (`id`,`serialNumber`),
  KEY `equipo` (`modelo`),
  KEY `gabinete` (`gabinete`)
) ENGINE=InnoDB DEFAULT CHARSET=utf8mb4 COLLATE=utf8mb4_general_ci;

LOCK TABLES `lista_de_equipos` WRITE;
/*!40000 ALTER TABLE `lista_de_equipos` DISABLE KEYS */;

INSERT INTO `lista_de_equipos` (`id`, `nombre`, `modelo`, `etiquetaTablero`, `numeroR3`, `serialNumber`, `gabinete`, `posicionRackStart`, `posicionRackEnd`, `puertos_especificos`)
VALUES
	(1,'OPLAT TIN-CEX',6,'OPLAT TIN-CEX',NULL,'',111,37,33,0),
	(2,'Teleprot AN TIN-CEX',22,'Teleprot AN TIN-CEX',NULL,'FR-LUD6120350006',111,29,26,0),
	(3,'ORGANIZADOR 1UR',20,'ORG HOR 1UR',NULL,'',111,23,23,0),
	(4,'OPLAT TIN-NIZ',6,'OPLAT TIN-NIZ',NULL,'',112,37,33,0),
	(9,'ORGANIZADOR 1UR',20,'ORG HOR 1UR',NULL,'',112,31,31,0),
	(10,'Teleprot AN TIN-NIZ',22,'Teleprot AN TIN-NIZ',NULL,'FR-LUD612035003',112,29,26,0),
	(11,'ORGANIZADOR 1UR',20,'ORG HOR 1UR',NULL,'',112,23,23,0),
	(12,'Teleprot DI TIN-CEX',22,'Teleprot DI TIN-CEX',NULL,'FR-LUD6120420037',113,38,35,0),
	(13,'ORGANIZADOR 1UR',20,'ORG HOR 1UR',NULL,'',113,32,32,0),
	(14,'Teleprot DI TIN-NIZ',22,'Teleprot DI TIN-NIZ',NULL,'FR-LUD6120420035',113,30,27,0),
	(15,'ORGANIZADOR 1UR',20,'ORG HOR 1UR',NULL,'',113,25,25,0),
	(16,'DISTRIBUIDOR DE CARGAS',24,'PDA',NULL,'',114,35,33,0),
	(17,'NODO DE AGREGACIÓN',23,'OTN TIN XT2210A',NULL,'',114,30,28,1),
	(18,'ORG HOR 19\"',20,'OFO-3',NULL,'',114,1,1,0),
	(20,'PATCH PANEL TELEFÓNICO',31,'MDF',NULL,'',114,24,24,0),
	(21,'ORG PANEL 1UR',37,'OFO-1',NULL,'',114,11,11,0),
	(22,'ORG PANEL 2UR',37,'OFO-2',NULL,'',114,27,27,0),
	(24,'PATCH PANEL 24PTS RJ45',42,'ETH-1',NULL,'',114,8,7,0),
	(26,'ORG PANEL 1UR',37,'OFO-7',NULL,'',114,4,3,0),
	(27,'ASR 903',2,'RT CISCO',NULL,'',115,33,32,1),
	(28,'ORGANIZADOR 1UR',20,'ORG HOR 1UR',NULL,'',115,30,30,0),
	(29,'SW CISCO',3,'SW CISCO',NULL,'',115,28,28,0),
	(30,'ORGANIZADOR 1UR',20,'ORG HOR 1UR',NULL,'',115,26,26,0),
	(31,'PATCH PANEL 24PTS RJ45',42,'PATCH PANEL 24PTS RJ45',NULL,'',115,24,24,0),
	(32,'ODF 48-SC',44,'ODF TIN-CEX',NULL,'',116,38,30,1),
	(33,'ORGANIZADOR FMT',45,'ORG FMT 1UR',NULL,'',116,28,28,0),
	(34,'ODF 48-SC',44,'ODF TIN-NIZ',NULL,'',116,26,18,1),
	(35,'ORGANIZADOR FMT',45,'ORG FMT 1UR',NULL,'',116,16,16,0),
	(36,'ODF 48-SC',44,'ODF SERVICE',NULL,'',117,38,30,0),
	(37,'ORGANIZADOR FMT',45,'ORG FMT 1UR',NULL,'',117,28,28,0),
	(38,'ODF 48-SC',44,'ODF SERVICE',NULL,'',117,26,28,0),
	(39,'ORGANIZADOR FMT',45,'ORG FMT 1UR',NULL,'',117,16,16,0),
	(41,'ODF 24-LC',29,'ODF 24-LC',NULL,'',117,14,14,0),
	(42,'ORGANIZADOR FMT',45,'ORG FMT 1UR',NULL,'',117,12,12,0),
	(43,'ODF 24-LC',29,'ODF 24-LC',NULL,'',117,10,10,0),
	(44,'ORGANIZADOR FMT',45,'ORG FMT 1UR',NULL,'',117,8,8,0),
	(46,'SW GE',17,'SW 11',NULL,'90045735',120,40,40,0),
	(47,'MCAD GE',47,'MCAD01',NULL,'36281757',120,16,20,0),
	(48,'MCAD GE',47,'MCAD02',NULL,'36281758',120,23,27,0),
	(49,'SW GE',17,'SW 12',NULL,'90045743',121,40,40,0),
	(50,'CCL ',48,'MONITOR',NULL,'',121,30,30,0),
	(51,'TECLADO',0,'TECLADO Y MOUSE',NULL,'81220051487',121,28,27,0),
	(52,'CPU ',50,'CPU',NULL,'TAHIE1014281',121,26,24,0),
	(53,'SW GE',17,'SW01',NULL,'90045642',122,40,39,0),
	(54,'SW GE',17,'SW02',NULL,'90045643',122,38,37,0),
	(55,'GPS GE',15,'GPS',NULL,'90046857',122,36,35,0),
	(56,'FIREWALL',51,'FW01',NULL,'',122,30,29,0),
	(57,'FIREWALL',51,'FW02',NULL,'',122,29,28,0),
	(58,'MONITOR',52,'MONITOR',NULL,'S2026070520153-1020-',122,26,22,0),
	(59,'GATEWAY',53,'GW01',NULL,'66718833',122,20,18,0),
	(60,'GATEWAY',53,'GW02',NULL,'66718802',122,16,14,0),
	(61,'SWICHT GENERAL ELECTRIC ',17,'SWO4',NULL,'900455744',100,40,40,0),
	(62,'PP1 73C70',31,'PP1 73C70',NULL,'32265565',100,37,35,0),
	(63,'PP2 73C70',32,'PP2 73C70',NULL,'1230557282',100,33,31,0),
	(64,'UCB 73C70',36,'UCB 73C70',NULL,'36281752',100,29,27,0),
	(66,'MEDIDOR 73C70',37,'MM73C70',NULL,'ELW065',100,27,23,0),
	(69,'PP1 73C60',31,'PP1 73C60',NULL,'36265557',101,37,35,0),
	(70,'PP2 73060',32,'PP2 73C60',NULL,'1230587043',101,33,31,0),
	(71,'UCB 73C60',36,'UCB 73C60',NULL,'36281754',101,29,27,0),
	(73,'MEDIDOR 73C60',37,'MM73C60',NULL,'ELW064',101,27,23,0),
	(75,'SWICHT GENERAL ELECTRIC ',17,'SW',NULL,'900455745',102,40,40,0),
	(76,'PP1 73C80',31,'PP1 73C80',NULL,'36265558',102,37,35,0),
	(77,'PP2 73C80',32,'PP2 73C80',NULL,'1230557281',102,33,31,0),
	(78,'UCB 73C80',36,'USB 73C80',NULL,'36281750',102,29,27,0),
	(80,'MEDIDOR 73C80',37,'MM73C80',NULL,'ELW068',102,27,23,0),
	(82,'SWICHT GENERAL ELECTRIC ',17,'SW06',NULL,'900455741',103,40,40,0),
	(83,'PP1 73480',31,'PP1 73480',NULL,'36265561',103,37,35,0),
	(84,'PP2 73480',32,'PP2 73480',NULL,'1230587042',103,33,31,0),
	(85,'UCB 73480',36,'USB 73480',NULL,'36281749',103,29,27,0),
	(87,'MEDIDOR 73C80',37,'MM73C80',NULL,'ELW070',103,27,23,0),
	(89,'SWICHT GENERAL ELECTRIC ',17,'SWO7',NULL,'900455738',104,40,40,0),
	(90,'PBF 77000',39,'PBF 77000',NULL,'5392126887/10',104,34,31,0),
	(91,'UCB 77000',36,'UCB 77000',NULL,'36281753',104,28,28,0),
	(92,'SWICHT GENERAL ELECTRIC ',17,'SWO8',NULL,'900455736',107,40,40,0),
	(93,'PBA ',40,'PBA',NULL,'AA6C2300032',107,30,28,0),
	(94,'PBB',40,'PBB',NULL,'AA6C2300030',107,26,24,0),
	(95,'PBC',40,'PBC',NULL,'AA6C2300031',107,24,22,0),
	(96,'SWICHT GENERAL ELECTRIC ',17,'SWO8',NULL,'900455737',108,40,40,0),
	(97,'RELEVADOR RTAC EPL',47,'EPL',NULL,'11831760458',108,37,37,0),
	(98,'GPS',42,'GPS',NULL,'',108,35,35,0),
	(99,'RD',50,'RD',NULL,'22131-24',108,22,21,0),
	(100,'PMU',51,'PMU',NULL,'1230557247',108,28,24,0),
	(101,'ESMAR',51,'ESMAR',NULL,'1230587123',108,33,30,0),
	(102,'SWICHT GENERAL ELECTRIC ',17,'SWO9',NULL,'900455739',109,40,40,0),
	(103,'GPS',42,'GPS',NULL,'90045739',109,38,38,0),
	(104,'MEDIDOR MM 1',52,'MEDIDOR MM',NULL,'ELW061',109,34,32,0),
	(105,'MEDIDOR MM 2',52,'MEDIDOR MM',NULL,'ELW068',109,34,32,0),
	(106,'MEDIDOR MM 3',52,'MEDIDOR MM  ',NULL,'ELW069',109,32,30,0),
	(107,'MEDIDOR MM 4',52,'MEDIDOR MM',NULL,'ELW063',109,32,30,0),
	(108,'CARGADOR BAT 130 VCD',18,'125 VCD N-1',NULL,'B2209P100252',138,1,1,0),
	(109,'CARGADOR BAT 130 VCD ',18,'125 VCD N-2',NULL,'B2209P100253',139,1,1,0),
	(110,'CARGADOR BAT 130 VCD',18,'125 VCD N-3',NULL,'B2209P100254',137,1,1,0),
	(111,'CARGADOR BAT 48 VCD N-1',18,'48 VCD N-1',NULL,'B2209P100244',142,1,1,0),
	(112,'CARGADOR BAT 48 VCD N-2',18,'48 VCD N-2',NULL,'B2209P100245',143,1,1,0),
	(113,'CARGADOR BAT 48 VCD N-3',18,'48 VCD N-3',NULL,'B2209P100246',144,1,1,0),
	(114,'CARGADOR BAT 12 VCD N-1',54,'EQ VCD 12',NULL,'C2209P100317',145,1,1,0),
	(115,'CARGADOR BAT 12 VCD N-2',54,'EQ VCD 12',NULL,'B2209P100240',145,2,2,0),
	(116,'CARGADOR BAT 12 VCD N-3 ',54,'EQ VCD 12',NULL,'B2209P100239',145,3,3,0),
	(117,'ORGANIZADOR 1UR',20,'ORG HOR 1UR',NULL,'S/N',111,31,31,0),
	(119,'SWICHT GENERAL ELECTRIC ',17,'SWO3',NULL,'90045740',101,40,40,0),
	(120,'OPLAT ',57,'BLM-93060-NIZ',NULL,'',30,37,33,0),
	(122,'OPLAT ',55,'VAD-93070-NIZ',NULL,'',1,37,33,0),
	(123,'SWT3000',56,'SWT3000',NULL,'',30,30,31,0),
	(124,'SWT3000',56,'SWT3000',NULL,'',1,30,31,0),
	(125,'SWT3000',56,'SWT3000',NULL,'',44,30,31,0),
	(126,'OPLAT ',55,'NIZ-93170-RMY',NULL,'',44,37,33,0),
	(127,'SWT3000',56,'SWT3000',NULL,'',29,30,31,0),
	(128,'OPLAT ',55,'NIZ-93040-RMY',NULL,'',29,37,33,0),
	(129,'OPLAT RMY-93190-PCN',55,'RMY-93190-PCN',NULL,'',148,37,33,0),
	(130,'OPLAT RMY-93180-PCN',55,'RMY-93180-PCN',NULL,'',149,37,33,0),
	(131,'OPLAT BLM-93050-VAD',57,'BLM-93050-VAD',NULL,'',146,37,33,0),
	(132,'OPLAT BLM-93060-NIZ',57,'BLM-93060-NIZ',NULL,'',147,37,33,0),
	(133,'OPLAT DZT-A3Q60-RMY',55,'DZT-A3Q60-RMY',NULL,'',150,37,33,0),
	(134,'OPLAT RMY-A3Q70-DZT',55,'RMY-A3Q70-DZT',NULL,'',151,37,33,0),
	(135,'OPLAT RMY-93170-NIZ',55,'RMY-93170-NIZ',NULL,'',152,37,33,0),
	(136,'OPLAT RMY-93040-NIZ',55,'RMY-93040-NIZ',NULL,'',153,37,33,0),
	(137,'OPLAT RMY-93190-PCN',55,'RMY-93190-PCN',NULL,'',154,37,33,0),
	(138,'OPLAT RMY-93180-PCN',55,'RMY-93180-PCN',NULL,'',155,37,33,0),
	(139,'SWT3000',56,'SWT3000',NULL,'',148,30,31,0),
	(140,'SWT3000',56,'SWT3000',NULL,'',149,30,31,0),
	(141,'SWT3000',56,'SWT3000',NULL,'',146,30,31,0),
	(142,'SWT3000',56,'SWT3000',NULL,'',147,30,31,0),
	(143,'SWT3000',56,'SWT3000',NULL,'',150,30,31,0),
	(144,'SWT3000',56,'SWT3000',NULL,'',151,30,31,0),
	(145,'SWT3000',56,'SWT3000',NULL,'',152,30,31,0),
	(146,'SWT3000',56,'SWT3000',NULL,'',153,30,31,0),
	(147,'SWT3000',56,'SWT3000',NULL,'',154,30,31,0),
	(148,'SWT3000',56,'SWT3000',NULL,'',155,30,31,0),
	(149,'OPLAT TIN-NIZ ',6,'OPLAT TIN-NIZ',NULL,'',255,37,33,0),
	(150,'Teleprot AN TIN-NIZ',22,'Teleprot AN TIN-CEX',NULL,'FR-LUD6120350006',255,29,26,0),
	(151,'ORGANIZADOR 1UR',20,'ORG HOR 1UR',NULL,'',255,23,23,0),
	(152,'ORGANIZADOR 1UR',20,'ORG HOR 1UR',NULL,'S/N',255,31,31,0),
	(153,'NODO DE AGREGACIÓN',23,'OTN NIZ XT2210A',NULL,'',34,30,28,1),
	(154,'NODO DE AGREGACIÓN',23,'OTN PCN XT2210A',NULL,'',289,30,28,1),
	(155,'NODO DE AGREGACIÓN',23,'OTN MPA XT2210A',NULL,'',290,30,28,1),
	(156,'NODO DE AGREGACIÓN',23,'OTN CHY XT2210A',NULL,'',291,30,28,1),
	(157,'NODO DE AGREGACIÓN',23,'OTN PTP XT2210A',NULL,'OS1L3X100124',272,30,28,1),
	(158,'DISTRIBUIDOR DE CARGAS',24,'PDA',NULL,'',35,35,33,0),
	(159,'NODO DE AGREGACIÓN',23,'OTN TIN XT2210A',NULL,'',35,30,28,1),
	(160,'ORG HOR 19\"',20,'OFO-3',NULL,'',35,1,1,0),
	(162,'PATCH PANEL TELEFÓNICO',31,'MDF',NULL,'',35,24,24,0),
	(163,'ORG PANEL 1UR',37,'OFO-1',NULL,'',35,11,11,0),
	(164,'ORG PANEL 2UR',37,'OFO-2',NULL,'',35,27,27,0),
	(165,'PATCH PANEL 24PTS RJ45',42,'ETH-1',NULL,'',35,8,7,0),
	(166,'ORG PANEL 1UR',37,'OFO-7',NULL,'',35,4,3,0),
	(167,'DISTRIBUIDOR DE CARGAS',24,'PDA',NULL,'',272,35,33,0),
	(169,'ORG HOR 19\"',20,'OFO-3',NULL,'',272,1,1,0),
	(170,'PATCH PANEL TELEFÓNICO',31,'MDF',NULL,'',272,24,24,0),
	(171,'ORG PANEL 1UR',37,'OFO-1',NULL,'',272,11,11,0),
	(172,'ORG PANEL 2UR',37,'OFO-2',NULL,'',272,27,27,0),
	(173,'PATCH PANEL 24PTS RJ45',42,'ETH-1',NULL,'',272,8,7,0),
	(174,'ORG PANEL 1UR',37,'OFO-7',NULL,'',272,4,3,0),
	(175,'ORG PANEL 1UR',37,'OFO-1',NULL,'',271,11,11,0),
	(176,'TELEPROTECCION PTP SWT3000',56,'SWT3000',NULL,'BF2304502062',271,30,31,1),
	(177,'ODF DIR MPA',58,'ODF DIR MPA',NULL,'',270,30,30,1),
	(178,'ORGANIZADOR 1UR',20,'ORG HOR 1UR',NULL,'',270,25,25,0),
	(179,'ODF DIR NIZ',58,'ODF DIR NIZ',NULL,'',270,20,20,1),
	(180,'ORGANIZADOR 1UR',20,'ORG HOR 1UR',NULL,'',270,15,15,0),
	(181,'ORGANIZADOR 1UR',20,'ORG HOR 1UR',NULL,'',269,15,15,0),
	(182,'ODF TRACTORA',58,'ODF TRACTORA',NULL,'',269,20,20,1),
	(183,'ORGANIZADOR 1UR',20,'ORG HOR 1UR',NULL,'',269,25,25,0),
	(184,'ODF TRACTORA',58,'ODF TRACTORA',NULL,'',269,30,30,1),
	(185,'ASR 903',2,'ROUTER RDO',NULL,'F0X2625PJCT',268,30,30,1),
	(186,'ORGANIZADOR 1UR',20,'ORG HOR 1UR',NULL,'',268,28,28,0),
	(187,'PATCH PANEL 24PTS RJ45',42,'PATCH PANEL 24PTS RJ45',NULL,'',268,26,26,0),
	(188,'BNC PATCH PANEL',59,'BNC PATCHPANEL',NULL,'',268,24,24,0),
	(189,'SW CISCO',3,'SW CISCO',NULL,'FD02706J99F',268,24,24,1),
	(190,'ORGANIZADOR 1UR',20,'ORG HOR 1UR',NULL,'',268,22,22,0),
	(191,'PATCH PANEL 24PTS RJ45',42,'PATCH PANEL 24PTS RJ45',NULL,'',268,20,20,0),
	(192,'TELEFONO 35114',64,'TELEFONO 35114',NULL,'',267,30,30,0),
	(193,'RADIO BASE',65,'RADIO TAIT',NULL,'',267,25,25,0),
	(194,'DISTRIBUIDOR DE CARGAS',24,'PDA',NULL,'',309,40,40,0),
	(195,'OPLAT ',55,'VAD-93070-NIZ',NULL,'BF2304502749',309,33,33,0),
	(196,'SWT3000',56,'SWT3000',NULL,'BF2304502417',309,30,30,0),
	(197,'DISTRIBUIDOR DE CARGAS',24,'PDA',NULL,'',310,40,40,0),
	(198,'OPLAT ',55,'VAD-93070-NIZ',NULL,'BF2304502748',310,33,33,0),
	(199,'SWT3000',56,'SWT3000',NULL,'BF2304502418',310,30,30,0),
	(200,'DISTRIBUIDOR DE CARGAS',24,'PDA',NULL,'',311,40,40,0),
	(201,'SWT3000',56,'SWT3000',NULL,'BF2304502420',311,30,30,0),
	(202,'ASR 903',2,'ROUTER RDO',NULL,'F0X2103p9bz',312,30,30,1),
	(203,'SW CISCO',3,'SW CISCO',NULL,'FD02706J99F',312,24,24,1),
	(204,'TELEFONO 35117',64,'TELEFONO 35117',NULL,'',312,20,20,0),
	(205,'ODF PCN',58,'ODF PCN',NULL,'',313,30,30,1),
	(206,'NODO DE AGREGACIÓN',23,'OTN PTP XT2210A',NULL,'OS1L3X100093',315,30,28,1),
	(207,'DISTRIBUIDOR DE CARGAS',24,'PDA',NULL,'',315,35,33,0),
	(208,'ORG HOR 19\"',20,'OFO-3',NULL,'',315,1,1,0),
	(209,'PATCH PANEL TELEFÓNICO',31,'MDF',NULL,'',315,24,24,0),
	(210,'ORG PANEL 1UR',37,'OFO-1',NULL,'',315,11,11,0),
	(211,'ORG PANEL 2UR',37,'OFO-2',NULL,'',315,27,27,0),
	(212,'PATCH PANEL 24PTS RJ45',42,'ETH-1',NULL,'',315,8,7,0),
	(213,'ORG PANEL 1UR',37,'OFO-7',NULL,'',315,4,3,0),
	(214,'ASR 903',2,'ROUTER RDO',NULL,'',4,30,30,1),
	(215,'SW CISCO',3,'SW CISCO',NULL,'',4,24,24,1),
	(216,'ASR 903',2,'ROUTER RDO',NULL,'',146,30,30,1),
	(217,'SW CISCO',3,'SW CISCO',NULL,'',146,24,24,1),
	(218,'ASR 903',2,'ROUTER RDO',NULL,'',150,30,30,1),
	(219,'SW CISCO',3,'SW CISCO',NULL,'',150,24,24,1),
	(220,'ASR 903',2,'ROUTER RDO',NULL,'',148,30,30,1),
	(221,'SW CISCO',3,'SW CISCO',NULL,'',148,24,24,1),
	(224,'ASR 903',2,'ROUTER RDO',NULL,'',348,30,30,1),
	(225,'SW CISCO',3,'SW CISCO',NULL,'',348,24,24,1),
	(228,'ASR 903',2,'ROUTER RDO',NULL,'',290,30,30,1),
	(229,'SW CISCO',3,'SW CISCO',NULL,'',290,24,24,1),
	(230,'ASR 903',2,'ROUTER RDO',NULL,'',339,30,30,1),
	(231,'SW CISCO',3,'SW CISCO',NULL,'',339,24,24,1),
	(232,'ASR 903',2,'ROUTER RDO',NULL,'',340,30,30,1),
	(233,'SW CISCO',3,'SW CISCO',NULL,'',340,24,24,1),
	(234,'ASR 903',2,'ROUTER RDO',NULL,'',341,30,30,1),
	(235,'SW CISCO',3,'SW CISCO',NULL,'',341,24,24,1),
	(236,'GCR 2010',1,'ROUTER RDO',NULL,'',342,30,30,1),
	(237,'SW CISCO',3,'SW CISCO',NULL,'',342,24,24,1),
	(238,'SW CISCO',3,'SW CISCO',NULL,'',343,24,24,1),
	(239,'SW CISCO',3,'SW CISCO',NULL,'',4,24,24,1),
	(240,'GCR 2010',1,'ROUTER RDO',NULL,'',344,30,30,1),
	(241,'SW CISCO',3,'SW CISCO',NULL,'',344,24,24,1),
	(242,'GCR 2010',1,'ROUTER RDO',NULL,'',345,30,30,1),
	(243,'SW CISCO',3,'SW CISCO',NULL,'',345,24,24,1),
	(244,'GCR 2010',1,'ROUTER RDO',NULL,'',346,30,30,1),
	(245,'SW CISCO',3,'SW CISCO',NULL,'',346,24,24,1),
	(246,'SW CISCO',3,'SW CISCO',NULL,'',340,24,24,1),
	(247,'ASR 903',2,'ROUTER RDO',NULL,'',343,30,30,1),
	(250,'SW CISCO',3,'SW CISCO',NULL,'',343,24,24,1),
	(251,'GCR 2010',1,'ROUTER RDO',NULL,'',352,30,30,1),
	(252,'GCR 2010',1,'ROUTER RDO',NULL,'',353,30,30,1),
	(253,'GCR 2010',1,'ROUTER RDO',NULL,'',354,30,30,1),
	(254,'GCR 2010',1,'ROUTER RDO',NULL,'',355,30,30,1),
	(255,'GCR 2010',1,'ROUTER RDO',NULL,'',349,30,30,1),
	(256,'GCR 2010',1,'ROUTER RDO',NULL,'',350,30,30,1),
	(257,'SW CISCO',3,'SW CISCO',NULL,'',349,24,24,1),
	(258,'SW CISCO',3,'SW CISCO',NULL,'',350,24,24,1),
	(259,'SW CISCO',3,'SW CISCO',NULL,'',351,24,24,1),
	(260,'SW CISCO',3,'SW CISCO',NULL,'',352,24,24,1),
	(261,'SW CISCO',3,'SW CISCO',NULL,'',353,24,24,1),
	(262,'SW CISCO',3,'SW CISCO',NULL,'',354,24,24,1),
	(263,'SW CISCO',3,'SW CISCO',NULL,'',355,24,24,1),
	(264,'ASR 902',2,'RT CISCO',NULL,'',347,33,32,1),
	(265,'GCR 2010',1,'ROUTER RDO',NULL,'',348,30,30,1),
	(266,'GCR 2010',1,'ROUTER RDO',NULL,'',356,30,30,1),
	(267,'GCR 2010',1,'ROUTER RDO',NULL,'',357,30,30,1),
	(268,'GCR 2010',1,'ROUTER RDO',NULL,'',358,30,30,1),
	(269,'GCR 2010',1,'ROUTER RDO',NULL,'',359,30,30,1),
	(270,'GCR 2010',1,'ROUTER RDO',NULL,'',360,30,30,1),
	(271,'ASR 902',2,'RT CISCO',NULL,'',361,33,32,1),
	(272,'GCR 2010',1,'ROUTER RDO',NULL,'',362,30,30,1),
	(273,'SW CISCO',3,'SW CISCO',NULL,'',347,24,24,1),
	(274,'SW CISCO',3,'SW CISCO',NULL,'',348,24,24,1),
	(275,'SW CISCO',3,'SW CISCO',NULL,'',356,24,24,1),
	(276,'SW CISCO',3,'SW CISCO',NULL,'',357,24,24,1),
	(277,'SW CISCO',3,'SW CISCO',NULL,'',358,24,24,1),
	(278,'SW CISCO',3,'SW CISCO',NULL,'',359,24,24,1),
	(279,'SW CISCO',3,'SW CISCO',NULL,'',360,24,24,1),
	(280,'SW CISCO',3,'SW CISCO',NULL,'',361,24,24,1),
	(281,'SW CISCO',3,'SW CISCO',NULL,'',362,24,24,1);

/*!40000 ALTER TABLE `lista_de_equipos` ENABLE KEYS */;
UNLOCK TABLES;


# Volcado de tabla marcas
# ------------------------------------------------------------

DROP TABLE IF EXISTS `marcas`;

CREATE TABLE `marcas` (
  `id` int(10) NOT NULL AUTO_INCREMENT,
  `nombre` varchar(260) DEFAULT NULL,
  `logo` int(10) DEFAULT NULL,
  `pais` int(11) DEFAULT NULL,
  PRIMARY KEY (`id`)
) ENGINE=InnoDB DEFAULT CHARSET=utf8mb4 COLLATE=utf8mb4_general_ci;

LOCK TABLES `marcas` WRITE;
/*!40000 ALTER TABLE `marcas` DISABLE KEYS */;

INSERT INTO `marcas` (`id`, `nombre`, `logo`, `pais`)
VALUES
	(0,'',NULL,NULL),
	(1,'General Electric',1,75),
	(2,'MEI',2,146),
	(3,'OTN SYSTEMS',3,75),
	(4,'CISCO',4,75),
	(5,'PANDUIT',5,75),
	(6,'OPTRONICS',6,146),
	(7,'ADC',7,75),
	(8,'COMMSCOPE',8,75),
	(9,'SEL',9,75),
	(10,'SCHNEIDER ELECTRIC',10,82),
	(11,'SIEMENS',11,4),
	(12,'ECI Telelecom',12,73),
	(13,'ABB',13,208),
	(14,'ARUBA',14,75),
	(15,'OSAKA',15,73),
	(16,'MOTOROLA ',16,75),
	(17,'TAIT',17,164),
	(19,'T-LINK',19,47),
	(20,'RAD',20,180),
	(21,'ADVANTECH',21,212),
	(22,'IKEY',22,75),
	(23,'MOXA',23,212),
	(24,'FORTIGATE',24,75),
	(25,'STEALTH',25,0),
	(26,'ERL',26,75),
	(27,'SINMARCA',0,0);

/*!40000 ALTER TABLE `marcas` ENABLE KEYS */;
UNLOCK TABLES;


# Volcado de tabla modelo_equipo
# ------------------------------------------------------------

DROP TABLE IF EXISTS `modelo_equipo`;

CREATE TABLE `modelo_equipo` (
  `id` int(10) NOT NULL AUTO_INCREMENT,
  `modelo` varchar(260) NOT NULL,
  `tipoEquipo` int(10) DEFAULT NULL,
  `marca` int(10) DEFAULT NULL,
  `imgActive` tinyint(1) DEFAULT 0,
  PRIMARY KEY (`id`,`modelo`),
  KEY `tipoEquipo` (`tipoEquipo`),
  KEY `marca` (`marca`),
  CONSTRAINT `modelo_equipo_ibfk_1` FOREIGN KEY (`tipoEquipo`) REFERENCES `tipo_equipo` (`id`),
  CONSTRAINT `modelo_equipo_ibfk_2` FOREIGN KEY (`marca`) REFERENCES `marcas` (`id`)
) ENGINE=InnoDB DEFAULT CHARSET=utf8mb4 COLLATE=utf8mb4_general_ci;

LOCK TABLES `modelo_equipo` WRITE;
/*!40000 ALTER TABLE `modelo_equipo` DISABLE KEYS */;

INSERT INTO `modelo_equipo` (`id`, `modelo`, `tipoEquipo`, `marca`, `imgActive`)
VALUES
	(1,'CGR-2010',2,4,1),
	(2,'ASR-903',2,4,1),
	(3,'4010',3,4,1),
	(4,'SC-48',1,7,1),
	(5,'SC-24',1,7,0),
	(6,'GRIDCOM T390',4,1,1),
	(7,'GRIDCOM DIP Analógica',6,1,1),
	(8,'MIcom P40 Agile',8,1,1),
	(9,'SEL-411L ',9,9,1),
	(10,'Multilin C650 ',10,1,1),
	(11,'Power Logic 10N8650',12,10,1),
	(12,'Multin B90 ',27,1,1),
	(13,'Tesla 4000',28,1,1),
	(14,'SEL-3530',21,9,1),
	(15,'Reason RT430 GNSS',17,1,1),
	(16,'SEL-487E ',20,9,1),
	(17,'Reason S20 Ethernet Switch',3,1,1),
	(18,'IKFT50-130+TR',16,2,1),
	(19,'IKCT-50-50+TR',16,2,1),
	(20,'PANDUIT U1 19\"',18,5,1),
	(21,'IKCR-25-12',16,2,0),
	(22,'E-TERRAGRICOM',7,1,1),
	(23,'MPLS XTRAN 2210',29,3,1),
	(24,'PENDIENTE TAB_DIS_DUAL',30,2,1),
	(25,'ORG HOR 19\" 1UR',31,2,1),
	(26,'F100',36,15,1),
	(27,'NTP 1020',34,12,0),
	(28,'NTP 1200 ',35,12,0),
	(29,'FOX 515',32,13,0),
	(30,'FOX 615',33,13,0),
	(31,'PENDIENTE_PANELTELEFONICO',37,NULL,1),
	(32,'CATALYST 3560 ',3,4,0),
	(33,'CGS-2520-24TC',3,4,0),
	(34,'3945',3,4,0),
	(35,'T-LINK',3,19,0),
	(36,'CATALYST 3550',3,4,0),
	(37,'ORG PANEL 1UR',38,NULL,1),
	(38,'2930F',3,14,0),
	(39,'CP-7811',40,4,0),
	(40,'NSD570 ',7,13,0),
	(41,'ORG PANEL 2UR',39,NULL,1),
	(42,'PATCH PANEL 24PTS RJ45',41,0,1),
	(43,'PATCH PANEL 24PTS RJ45',41,6,1),
	(44,'ODF 48-SC',1,7,1),
	(45,'ORGANIZADOR 1UR FMT ',42,8,1),
	(46,'ODF 24-LC 1UR',43,8,0),
	(47,'MULTILIN C650',44,1,1),
	(48,'MONITOR',45,21,1),
	(49,'RDC-5K-FSR',46,22,0),
	(50,'DA-820',47,23,1),
	(51,'RUGGED 60F',48,24,1),
	(52,'FR-1010-19W-HDMI-USB-125V',48,25,1),
	(53,'G500',49,1,1),
	(54,'IKCR-25-12',16,2,1),
	(55,'POWERLINK',4,11,1),
	(56,'SWT3000',6,11,1),
	(57,'ESB2000i',4,11,1),
	(58,'ODF 48',1,1,1),
	(59,'BNC PATCHPANEL',50,27,1),
	(64,'TELEFONO IP',51,4,1),
	(65,'RADIO TAIT',52,17,1);

/*!40000 ALTER TABLE `modelo_equipo` ENABLE KEYS */;
UNLOCK TABLES;


# Volcado de tabla notas
# ------------------------------------------------------------

DROP TABLE IF EXISTS `notas`;

CREATE TABLE `notas` (
  `id` int(10) unsigned NOT NULL AUTO_INCREMENT,
  `date` varchar(20) DEFAULT NULL,
  `equipo` int(10) DEFAULT NULL,
  `nota` longtext DEFAULT NULL,
  `user` varchar(100) DEFAULT NULL,
  PRIMARY KEY (`id`)
) ENGINE=InnoDB DEFAULT CHARSET=utf8mb4 COLLATE=utf8mb4_general_ci;

LOCK TABLES `notas` WRITE;
/*!40000 ALTER TABLE `notas` DISABLE KEYS */;

INSERT INTO `notas` (`id`, `date`, `equipo`, `nota`, `user`)
VALUES
	(1,'2023-10-19 00:00:00',131,'no esta en el excel su direccion ip','Leonel B.'),
	(2,'2023-10-19 00:00:00',132,'no esta su direccion IP en la tabla de excel ','Leonel B.'),
	(3,'2023-10-19 00:00:00',120,'no esta su direccion IP en la tabla de excel ','Leonel B.'),
	(4,'2023-10-19 00:00:00',130,'DIRECCION IP ES LA MISMA QUE DEL OPLAT PCN-93190-RMY, VERIFICAR INFORMACION *','Leonel B.'),
	(5,'2023-10-19 00:00:00',129,'DIRECCION IP ES LA MISMA QUE DEL OPLAT PCN-93180-RMY, VERIFICAR INFORMACION *','Leonel B.'),
	(6,'2023-10-19 00:00:00',131,'NO EXISTE EL OTRO EQUIPO EN S.E. NIZUC ','Leonel B.');

/*!40000 ALTER TABLE `notas` ENABLE KEYS */;
UNLOCK TABLES;


# Volcado de tabla paises
# ------------------------------------------------------------

DROP TABLE IF EXISTS `paises`;

CREATE TABLE `paises` (
  `id` int(11) NOT NULL AUTO_INCREMENT,
  `iso` char(2) DEFAULT NULL,
  `nombre` varchar(80) DEFAULT NULL,
  PRIMARY KEY (`id`)
) ENGINE=InnoDB DEFAULT CHARSET=latin1 COLLATE=latin1_swedish_ci;

LOCK TABLES `paises` WRITE;
/*!40000 ALTER TABLE `paises` DISABLE KEYS */;

INSERT INTO `paises` (`id`, `iso`, `nombre`)
VALUES
	(1,'AF','Afganistán'),
	(2,'AX','Islas Gland'),
	(3,'AL','Albania'),
	(4,'DE','Alemania'),
	(5,'AD','Andorra'),
	(6,'AO','Angola'),
	(7,'AI','Anguilla'),
	(8,'AQ','Antártida'),
	(9,'AG','Antigua y Barbuda'),
	(10,'AN','Antillas Holandesas'),
	(11,'SA','Arabia Saudí'),
	(12,'DZ','Argelia'),
	(13,'AR','Argentina'),
	(14,'AM','Armenia'),
	(15,'AW','Aruba'),
	(16,'AU','Australia'),
	(17,'AT','Austria'),
	(18,'AZ','Azerbaiyán'),
	(19,'BS','Bahamas'),
	(20,'BH','Bahréin'),
	(21,'BD','Bangladesh'),
	(22,'BB','Barbados'),
	(23,'BY','Bielorrusia'),
	(24,'BE','Bélgica'),
	(25,'BZ','Belice'),
	(26,'BJ','Benin'),
	(27,'BM','Bermudas'),
	(28,'BT','Bhután'),
	(29,'BO','Bolivia'),
	(30,'BA','Bosnia y Herzegovina'),
	(31,'BW','Botsuana'),
	(32,'BV','Isla Bouvet'),
	(33,'BR','Brasil'),
	(34,'BN','Brunéi'),
	(35,'BG','Bulgaria'),
	(36,'BF','Burkina Faso'),
	(37,'BI','Burundi'),
	(38,'CV','Cabo Verde'),
	(39,'KY','Islas Caimán'),
	(40,'KH','Camboya'),
	(41,'CM','Camerún'),
	(42,'CA','Canadá'),
	(43,'CF','República Centroafricana'),
	(44,'TD','Chad'),
	(45,'CZ','República Checa'),
	(46,'CL','Chile'),
	(47,'CN','China'),
	(48,'CY','Chipre'),
	(49,'CX','Isla de Navidad'),
	(50,'VA','Ciudad del Vaticano'),
	(51,'CC','Islas Cocos'),
	(52,'CO','Colombia'),
	(53,'KM','Comoras'),
	(54,'CD','República Democrática del Congo'),
	(55,'CG','Congo'),
	(56,'CK','Islas Cook'),
	(57,'KP','Corea del Norte'),
	(58,'KR','Corea del Sur'),
	(59,'CI','Costa de Marfil'),
	(60,'CR','Costa Rica'),
	(61,'HR','Croacia'),
	(62,'CU','Cuba'),
	(63,'DK','Dinamarca'),
	(64,'DM','Dominica'),
	(65,'DO','República Dominicana'),
	(66,'EC','Ecuador'),
	(67,'EG','Egipto'),
	(68,'SV','El Salvador'),
	(69,'AE','Emiratos Árabes Unidos'),
	(70,'ER','Eritrea'),
	(71,'SK','Eslovaquia'),
	(72,'SI','Eslovenia'),
	(73,'ES','España'),
	(74,'UM','Islas ultramarinas de Estados Unidos'),
	(75,'US','Estados Unidos'),
	(76,'EE','Estonia'),
	(77,'ET','Etiopía'),
	(78,'FO','Islas Feroe'),
	(79,'PH','Filipinas'),
	(80,'FI','Finlandia'),
	(81,'FJ','Fiyi'),
	(82,'FR','Francia'),
	(83,'GA','Gabón'),
	(84,'GM','Gambia'),
	(85,'GE','Georgia'),
	(86,'GS','Islas Georgias del Sur y Sandwich del Sur'),
	(87,'GH','Ghana'),
	(88,'GI','Gibraltar'),
	(89,'GD','Granada'),
	(90,'GR','Grecia'),
	(91,'GL','Groenlandia'),
	(92,'GP','Guadalupe'),
	(93,'GU','Guam'),
	(94,'GT','Guatemala'),
	(95,'GF','Guayana Francesa'),
	(96,'GN','Guinea'),
	(97,'GQ','Guinea Ecuatorial'),
	(98,'GW','Guinea-Bissau'),
	(99,'GY','Guyana'),
	(100,'HT','Haití'),
	(101,'HM','Islas Heard y McDonald'),
	(102,'HN','Honduras'),
	(103,'HK','Hong Kong'),
	(104,'HU','Hungría'),
	(105,'IN','India'),
	(106,'ID','Indonesia'),
	(107,'IR','Irán'),
	(108,'IQ','Iraq'),
	(109,'IE','Irlanda'),
	(110,'IS','Islandia'),
	(111,'IL','Israel'),
	(112,'IT','Italia'),
	(113,'JM','Jamaica'),
	(114,'JP','Japón'),
	(115,'JO','Jordania'),
	(116,'KZ','Kazajstán'),
	(117,'KE','Kenia'),
	(118,'KG','Kirguistán'),
	(119,'KI','Kiribati'),
	(120,'KW','Kuwait'),
	(121,'LA','Laos'),
	(122,'LS','Lesotho'),
	(123,'LV','Letonia'),
	(124,'LB','Líbano'),
	(125,'LR','Liberia'),
	(126,'LY','Libia'),
	(127,'LI','Liechtenstein'),
	(128,'LT','Lituania'),
	(129,'LU','Luxemburgo'),
	(130,'MO','Macao'),
	(131,'MK','ARY Macedonia'),
	(132,'MG','Madagascar'),
	(133,'MY','Malasia'),
	(134,'MW','Malawi'),
	(135,'MV','Maldivas'),
	(136,'ML','Malí'),
	(137,'MT','Malta'),
	(138,'FK','Islas Malvinas'),
	(139,'MP','Islas Marianas del Norte'),
	(140,'MA','Marruecos'),
	(141,'MH','Islas Marshall'),
	(142,'MQ','Martinica'),
	(143,'MU','Mauricio'),
	(144,'MR','Mauritania'),
	(145,'YT','Mayotte'),
	(146,'MX','México'),
	(147,'FM','Micronesia'),
	(148,'MD','Moldavia'),
	(149,'MC','Mónaco'),
	(150,'MN','Mongolia'),
	(151,'MS','Montserrat'),
	(152,'MZ','Mozambique'),
	(153,'MM','Myanmar'),
	(154,'NA','Namibia'),
	(155,'NR','Nauru'),
	(156,'NP','Nepal'),
	(157,'NI','Nicaragua'),
	(158,'NE','Níger'),
	(159,'NG','Nigeria'),
	(160,'NU','Niue'),
	(161,'NF','Isla Norfolk'),
	(162,'NO','Noruega'),
	(163,'NC','Nueva Caledonia'),
	(164,'NZ','Nueva Zelanda'),
	(165,'OM','Omán'),
	(166,'NL','Países Bajos'),
	(167,'PK','Pakistán'),
	(168,'PW','Palau'),
	(169,'PS','Palestina'),
	(170,'PA','Panamá'),
	(171,'PG','Papúa Nueva Guinea'),
	(172,'PY','Paraguay'),
	(173,'PE','Perú'),
	(174,'PN','Islas Pitcairn'),
	(175,'PF','Polinesia Francesa'),
	(176,'PL','Polonia'),
	(177,'PT','Portugal'),
	(178,'PR','Puerto Rico'),
	(179,'QA','Qatar'),
	(180,'GB','Reino Unido'),
	(181,'RE','Reunión'),
	(182,'RW','Ruanda'),
	(183,'RO','Rumania'),
	(184,'RU','Rusia'),
	(185,'EH','Sahara Occidental'),
	(186,'SB','Islas Salomón'),
	(187,'WS','Samoa'),
	(188,'AS','Samoa Americana'),
	(189,'KN','San Cristóbal y Nevis'),
	(190,'SM','San Marino'),
	(191,'PM','San Pedro y Miquelón'),
	(192,'VC','San Vicente y las Granadinas'),
	(193,'SH','Santa Helena'),
	(194,'LC','Santa Lucía'),
	(195,'ST','Santo Tomé y Príncipe'),
	(196,'SN','Senegal'),
	(197,'CS','Serbia y Montenegro'),
	(198,'SC','Seychelles'),
	(199,'SL','Sierra Leona'),
	(200,'SG','Singapur'),
	(201,'SY','Siria'),
	(202,'SO','Somalia'),
	(203,'LK','Sri Lanka'),
	(204,'SZ','Suazilandia'),
	(205,'ZA','Sudáfrica'),
	(206,'SD','Sudán'),
	(207,'SE','Suecia'),
	(208,'CH','Suiza'),
	(209,'SR','Surinam'),
	(210,'SJ','Svalbard y Jan Mayen'),
	(211,'TH','Tailandia'),
	(212,'TW','Taiwán'),
	(213,'TZ','Tanzania'),
	(214,'TJ','Tayikistán'),
	(215,'IO','Territorio Británico del Océano Índico'),
	(216,'TF','Territorios Australes Franceses'),
	(217,'TL','Timor Oriental'),
	(218,'TG','Togo'),
	(219,'TK','Tokelau'),
	(220,'TO','Tonga'),
	(221,'TT','Trinidad y Tobago'),
	(222,'TN','Túnez'),
	(223,'TC','Islas Turcas y Caicos'),
	(224,'TM','Turkmenistán'),
	(225,'TR','Turquía'),
	(226,'TV','Tuvalu'),
	(227,'UA','Ucrania'),
	(228,'UG','Uganda'),
	(229,'UY','Uruguay'),
	(230,'UZ','Uzbekistán'),
	(231,'VU','Vanuatu'),
	(232,'VE','Venezuela'),
	(233,'VN','Vietnam'),
	(234,'VG','Islas Vírgenes Británicas'),
	(235,'VI','Islas Vírgenes de los Estados Unidos'),
	(236,'WF','Wallis y Futuna'),
	(237,'YE','Yemen'),
	(238,'DJ','Yibuti'),
	(239,'ZM','Zambia'),
	(240,'ZW','Zimbabue');

/*!40000 ALTER TABLE `paises` ENABLE KEYS */;
UNLOCK TABLES;


# Volcado de tabla puertos
# ------------------------------------------------------------

DROP TABLE IF EXISTS `puertos`;

CREATE TABLE `puertos` (
  `id` int(10) NOT NULL AUTO_INCREMENT,
  `numero_de_puerto` varchar(20) DEFAULT NULL,
  `tipo_cable` varchar(250) DEFAULT NULL,
  `dir_origen` varchar(250) DEFAULT NULL,
  `dir_destino` varchar(250) DEFAULT NULL,
  `atenuacion_origen` varchar(250) DEFAULT NULL,
  `atenuacion_destino` varchar(250) DEFAULT NULL,
  `servicio` varchar(250) DEFAULT NULL,
  `observacion` longtext DEFAULT NULL,
  `equipo_id` int(10) DEFAULT NULL,
  KEY `id` (`id`)
) ENGINE=InnoDB DEFAULT CHARSET=utf8mb4 COLLATE=utf8mb4_general_ci;

LOCK TABLES `puertos` WRITE;
/*!40000 ALTER TABLE `puertos` DISABLE KEYS */;

INSERT INTO `puertos` (`id`, `numero_de_puerto`, `tipo_cable`, `dir_origen`, `dir_destino`, `atenuacion_origen`, `atenuacion_destino`, `servicio`, `observacion`, `equipo_id`)
VALUES
	(1,'1','SC','NIZ','OTN','.01','.01','OTN',NULL,34),
	(2,'2','SC','NIZ','OTN','.01','.01','OTN','',34),
	(3,'3','SC','NIZ','ROUTER CGR ',NULL,NULL,'ENLACE ROUTER NIZ-TIN','DIR CGR-2010 PTO 0/0',34),
	(4,'4','SC','NIZ','ROUTER CGR',NULL,NULL,'ENLACE ROUTER NIZ-TIN','DIR CGR-2010 PTO 0/0',34),
	(5,'0/0/0','GIGA','TIN','NIZ',NULL,NULL,'ENLACE ROUTER NIZ-TIN','DIR ODF NIZ PTO 3-4',27),
	(6,'0/1/0','GIGA','TIN','CEX',NULL,NULL,'ENLACE ROUTER TIN-CEX','DIR ODF CEX PTO 3-4',27),
	(7,'3','SC','TIN','CEX',NULL,NULL,'ENLACE ROUTER TIN-CEX','DIR CGR-2010 PTO 0/1',32),
	(8,'4','SC','TIN','CEX',NULL,NULL,'ENLACE ROUTER TIN-CEX','DIR CGR-2010 PTO 0/1',32),
	(12,'C.3794','C.3794','TIN','NIZ',NULL,NULL,'TELEPROTECCION 73480',NULL,17),
	(13,'C.3794','C.3794','TIN','CEX',NULL,NULL,'TELEPROTECCION 73C80',NULL,17),
	(15,'C.3794','C.3794','NIZ','TIN',NULL,NULL,'TELEPROTECCION 73480',NULL,153),
	(16,'C.3794','C.3794','NIZ','PTP',NULL,NULL,'TELEPROTECCION 73780',NULL,153),
	(18,'IFM1 PTO1','C.3794','PTP','MPA',NULL,NULL,'ODF MPA 5,6',NULL,157),
	(19,'C.3794','C.3794','MPA','PTP',NULL,NULL,'TELEPROTECCION 73B30',NULL,155),
	(20,'IFM2 PTO1','C.3794','PTP','MPA',NULL,NULL,'ODF MPA 7,8',NULL,157),
	(21,'IFM3 PTO1','C.3794','PTP','NIZ',NULL,NULL,'ODF NIZ 5,6',NULL,157),
	(22,'IFM4 PTO1','C.3794','PTP','NIZ',NULL,NULL,'ODF NIZ 7,8',NULL,157),
	(23,'IFM7 PTO1',NULL,'PTP','NIZ',NULL,NULL,'LT 73780',NULL,176),
	(24,'IFM7 PTO1','C.3794','PTP','NIZ',NULL,NULL,'LT 73780',NULL,157),
	(25,'G 1/0',NULL,'PTP','NIZ',NULL,NULL,'RED RDO',NULL,185),
	(26,'G 1/1',NULL,'PTP','MPA',NULL,NULL,'RED RDO',NULL,185),
	(27,'ASR 903 PTO G1/6',NULL,'PTP','PTP',NULL,NULL,'RED RDO','SW 01 PTO 27',185),
	(28,'ASR 903 PTO G1/7',NULL,'PTP','PTP',NULL,NULL,'RED RDO','SW 01 PTO 28',185),
	(29,'25',NULL,'PTP','PTP',NULL,NULL,'FIREWALL 1',NULL,189),
	(30,'26',NULL,'PTP','PTP',NULL,NULL,'FIREWALL 2',NULL,189),
	(31,'27',NULL,'PTP','PTP',NULL,NULL,'ASR 903 PTO G1/6',NULL,189),
	(32,'28',NULL,'PTP','PTP',NULL,NULL,'ASR 903 PTO G1/7',NULL,189),
	(33,'1',NULL,'PTP','PTP',NULL,NULL,'',NULL,189),
	(34,'2',NULL,'PTP','PTP',NULL,NULL,'ACCESS POINT',NULL,189),
	(35,'3',NULL,'PTP','PTP',NULL,NULL,'TELEFONO CASETA',NULL,189),
	(37,'1','SC','PTP','MPA',NULL,NULL,NULL,NULL,177),
	(38,'2','SC','PTP','MPA',NULL,NULL,NULL,NULL,177),
	(39,'5','SC','PTP','MPA',NULL,NULL,'IFM1 PTO1 DIR MPA',NULL,177),
	(40,'6','SC','PTP','MPA',NULL,NULL,'IFM1 PTO1 DIR MPA',NULL,177),
	(41,'7','SC','PTP','MPA',NULL,NULL,'IFM2 PTO1 DIR MPA',NULL,177),
	(42,'8','SC','PTP','MPA',NULL,NULL,'IFM2 PTO1 DIR MPA',NULL,177),
	(43,'23','SC','PTP','MPA',NULL,NULL,'',NULL,177),
	(44,'24','SC','PTP','MPA',NULL,NULL,NULL,NULL,177),
	(45,'25','SC','PTP','MPA',NULL,NULL,NULL,NULL,177),
	(46,'26','SC','PTP','MPA',NULL,NULL,NULL,NULL,177);

/*!40000 ALTER TABLE `puertos` ENABLE KEYS */;
UNLOCK TABLES;


# Volcado de tabla puestos
# ------------------------------------------------------------

DROP TABLE IF EXISTS `puestos`;

CREATE TABLE `puestos` (
  `id` int(10) NOT NULL AUTO_INCREMENT,
  `nombre` varchar(260) DEFAULT NULL,
  `descripcion` longtext DEFAULT NULL,
  PRIMARY KEY (`id`)
) ENGINE=InnoDB DEFAULT CHARSET=utf8mb4 COLLATE=utf8mb4_general_ci;

LOCK TABLES `puestos` WRITE;
/*!40000 ALTER TABLE `puestos` DISABLE KEYS */;

INSERT INTO `puestos` (`id`, `nombre`, `descripcion`)
VALUES
	(1,'SUPERINTENDENTE',NULL),
	(2,'SECRETARIA',NULL),
	(3,'SALA DE SERVIDORES',NULL),
	(4,'SALA DE JUNTAS ',NULL),
	(5,'S.E. RIVIERA MAYA GIS 400KV',NULL),
	(6,'S.E. RIVIERA MAYA GIS 230KV',NULL),
	(7,'S.E. RIVIERA MAYA GIS 115KV',NULL),
	(8,'S.E. RIVIERA MAYA ',NULL),
	(10,'S.E. PLAYA DEL CARMEN ',NULL),
	(11,'S.E. NIZUC CEV ',NULL),
	(12,'S.E. NIZUC 230',NULL),
	(13,'S.E. CANCUN',NULL),
	(14,'S.E. BALAM',NULL),
	(15,'JEFE DE OFICINA',NULL),
	(16,'LABORATORIO',NULL),
	(17,'PROFESIONISTA',NULL),
	(18,'AULA CAPACITACIONES',NULL),
	(19,'JEFE DEPARTAMENTO',NULL),
	(20,'ADMINISTRADOR',NULL),
	(21,'AUXILIAR ESPCIALISTA',NULL),
	(22,'AUXILIAR ADMINISTRATIVO',NULL),
	(23,'S.E. PLAYA DEL CARMEN ',NULL),
	(24,'SALA',NULL),
	(25,'ENCARGADO DE SECCION',NULL),
	(51,'AUXILIAR CONTROL DE GESTION',NULL),
	(52,'SALA SERVIDORES',NULL),
	(53,'LOBBY AULA DE CAPACITACION',NULL),
	(54,'SECRETARIA DE TRABAJO',NULL),
	(55,'AUX.ADMVO CONTABLE',NULL),
	(56,'AUX.ADMVO.SEGURIDAD SOCIAL',NULL),
	(57,'AUX.ESPECIALIZADO NOMINAS',NULL),
	(58,'PROFESIONISTA SERV. GRALS',NULL),
	(59,'AUX.ADMVO COMPRAS ',NULL),
	(60,'SALA DE COMUNICACIONES ',NULL),
	(61,'HOTEL TELECOM CANCUN',NULL),
	(62,'HOTEL TELECOM PLAYA DEL CARMEN',NULL),
	(63,'HOTEL TELECOM COZUMEL',NULL),
	(64,'CASETA MICROONDAS NIZUC',NULL),
	(65,'CASETA CONFIABILIDAD NIZUC',NULL),
	(66,'JEFATURA SECTOR',NULL),
	(67,'TALLERES SES',NULL),
	(68,'JEFE DE OFICINA COMUNICACIONES',NULL),
	(69,'PROFESIONISTA COMUNICACIONES',NULL),
	(70,'OPERADOR DE ZONA EN TURNO ',NULL),
	(71,'OPERADOR 1',NULL),
	(72,'OPERADOR 2',NULL),
	(73,'S.E. TINTAL',NULL),
	(74,'S.E. CHEMUYIL',NULL),
	(75,'S.E. PETEMPICH',NULL);

/*!40000 ALTER TABLE `puestos` ENABLE KEYS */;
UNLOCK TABLES;


# Volcado de tabla r3
# ------------------------------------------------------------

DROP TABLE IF EXISTS `r3`;

CREATE TABLE `r3` (
  `id` int(11) unsigned NOT NULL AUTO_INCREMENT,
  `equipo` int(10) DEFAULT NULL,
  `denominacion` varchar(240) DEFAULT NULL,
  `ubicacion_tecnica` varchar(240) DEFAULT NULL,
  `fabricante` varchar(240) DEFAULT NULL,
  `serie` varchar(240) DEFAULT NULL,
  `activo_fijo` int(20) DEFAULT NULL,
  PRIMARY KEY (`id`)
) ENGINE=InnoDB DEFAULT CHARSET=utf8mb4 COLLATE=utf8mb4_general_ci;

LOCK TABLES `r3` WRITE;
/*!40000 ALTER TABLE `r3` DISABLE KEYS */;

INSERT INTO `r3` (`id`, `equipo`, `denominacion`, `ubicacion_tecnica`, `fabricante`, `serie`, `activo_fijo`)
VALUES
	(1,2242412,' IFR SE MPA AIRE ACC 21,000 1','PE-T153-SE-MPA-EI-OPERA-E01','','',NULL),
	(2,2242415,' IFR SE MPA AIRE ACC 21,000 2','PE-T153-SE-MPA-EI-OPERA-E01','','',NULL),
	(3,2242418,' IFR SE MPA AIRE ACC 21,000 3','PE-T153-SE-MPA-EI-OPERA-E01','','',NULL),
	(4,2494832,'ACCPOINT NIZUC APEX074 01','PE-T153-SE-NIZ-EA-EQCOM-DAT','ARUBA','CNK5K7Z1LG',40086297),
	(5,2494834,'ACCPOINT NIZUC APEX074 02','PE-T153-SE-NIZ-EA-EQCOM-DAT','ARUBA','CNK5K7Z1LB',40086296),
	(6,2494835,'ACCPOINT NIZUC APEX074 03','PE-T153-SE-NIZ-EA-EQCOM-DAT','ARUBA','CNK5K7Z1K3',40086295),
	(7,2494836,'ACCPOINT NIZUC APEX074 04','PE-T153-SE-NIZ-EA-EQCOM-DAT','ARUBA','CNK5K7Z1K8',40086294),
	(8,2494837,'ACCPOINT NIZUC APEX074 05','PE-T153-SE-NIZ-EA-EQCOM-DAT','ARUBA','CNK5K7Z1LR',40086293),
	(9,2494838,'ACCPOINT NIZUC APEX074 06','PE-T153-SE-NIZ-EA-EQCOM-DAT','ARUBA','CNK5K7Z1LN',40086292),
	(10,2494839,'ACCPOINT NIZUC APIN0515 01','PE-T153-SE-NIZ-EA-EQCOM-DAT','ARUBA','',40086298),
	(11,2553243,'ACCPOINT NIZUC APIN0515 02','PE-T153-SE-NIZ-EA-EQCOM-DAT','ARUBA','CNMPKD58Q0',40094424),
	(12,2553244,'ACCPOINT NIZUC APIN0515 03','PE-T153-SE-NIZ-EA-EQCOM-DAT','ARUBA','CNMPKD5849',40094425),
	(13,2553245,'ACCPOINT NIZUC APIN0515 04','PE-T153-SE-NIZ-EA-EQCOM-DAT','ARUBA','CNMPKD58QQ',40094426),
	(14,2552322,'ACCPOINT PCN AP-515 01','PE-T153-SE-PCN-EA-EQCOM-DAT','ARUBA','CNMPKD58R6',40094427),
	(15,2552329,'ACCPOINT PCN AP-515 02','PE-T153-SE-PCN-EA-EQCOM-DAT','ARUBA','CNMPKD58R7',40094428),
	(16,2552331,'ACCPOINT PCN AP-515 03','PE-T153-SE-PCN-EA-EQCOM-DAT','ARUBA','CNMPKD58R8',40094429),
	(17,2552334,'ACCPOINT RMY AP-515 01','PE-T153-SE-RMY-EA-EQCOM-DAT','ARUBA','CNMPKD58QD',40094422),
	(18,2553238,'ACCPOINT RMY AP-515 02','PE-T153-SE-RMY-EA-EQCOM-DAT','ARUBA','CNMPKD58RB',40094423),
	(19,2491489,'ACCPOINT SE BLM APEX074 01','PE-T153-SE-BLM-EA-EQCOM-DAT','ARUBA','CNK5K7Z118',40084410),
	(20,2544251,'ACCPOINT SE KEK APEX0374','PE-T153-SE-KEK-EA-EQCOM-DAT','ARUBA','CNK5K7Z1Y2',40093844),
	(21,2544252,'ACCPOINT SE KHN APEX0374','PE-T153-SE-KHN-EA-EQCOM','ARUBA','CNK5K7Z1Y5',40093846),
	(22,2544253,'ACCPOINT SE MPA APEX0374','PE-T153-SE-MPA-EA-EQCOM-DAT','ARUBA','CNK5K7Z1XV',40093847),
	(23,2491497,'ACCPOINT SE NIZAPEX074 01','PE-T153-SE-NIZ-EA-EQCOM-DAT','ARUBA','CNK5K7Z10B',40084411),
	(24,2491523,'ACCPOINT SE PCN APEX074 01','PE-T153-SE-PCN-EA-EQCOM-DAT','ARUBA','',40084413),
	(25,2491530,'ACCPOINT SE RMY APEX074 01','PE-T153-SE-RMY-EA-EQCOM-DAT','ARUBA','',40084415),
	(26,2294201,'ACCPOINT ZOTCNC 2802I-A-K9 01','','CISCO','FGL2136A9AD',NULL),
	(27,2294202,'ACCPOINT ZOTCNC 2802I-A-K9 02','','CISCO','FGL2136A9AH',NULL),
	(28,2339411,'ACCPOINT ZTCNC 2802I-A-K9 01','PE-T153-TA-EDI-OP-EDI05','CISCO','FGL2144A36E',40064815),
	(29,2339413,'ACCPOINT ZTCNC 2802I-A-K9 02','PE-T153-TA-EDI-OP-EDI05','CISCO','FGL2144A36D',40064816),
	(30,2449742,'ACCPOINT ZTCNC APEX074 01','PE-T153-TA-EDI-OP-EDI05','ARUBA','',40070091),
	(31,2449743,'ACCPOINT ZTCNC APEX074 02','PE-T153-TA-EDI-OP-EDI05','ARUBA','',40070092),
	(32,2449745,'ACCPOINT ZTCNC APEX074 03','PE-T153-TA-EDI-OP-EDI05','ARUBA','',40071093),
	(33,2449746,'ACCPOINT ZTCNC APEX074 04','PE-T153-TA-EDI-OP-EDI05','ARUBA','',40070093),
	(34,2449747,'ACCPOINT ZTCNC APIN0515 01','PE-T153-TA-EDI-OP-EDI05','ARUBA','',40070124),
	(35,2449748,'ACCPOINT ZTCNC APIN0515 02','PE-T153-TA-EDI-OP-EDI05','ARUBA','',40070125),
	(36,2449749,'ACCPOINT ZTCNC APIN0515 03','PE-T153-TA-EDI-OP-EDI05','ARUBA','',40070126),
	(37,2449750,'ACCPOINT ZTCNC APIN0515 04','PE-T153-TA-EDI-OP-EDI05','ARUBA','',40070216),
	(38,2449751,'ACCPOINT ZTCNC APIN0515 05','PE-T153-TA-EDI-OP-EDI05','ARUBA','',40070217),
	(39,2449752,'ACCPOINT ZTCNC APIN0515 06','PE-T153-TA-EDI-OP-EDI05','ARUBA','',40070218),
	(40,1546806,'AMP OPT SE NIZ 10GE-ETH DIR VAD P2','PE-T153-SE-NIZ-EA-EQCOM-FOP','MPB','4816',40035152),
	(41,1269642,'AMP OPT SE NIZ STM-64 DIR VAD P1','PE-T153-SE-NIZ-EA-EQCOM-FOP','PADTEC','7.90E+12',40014349),
	(42,1915485,'AMP OPT SE NIZ STM-64 DIR VAD P3','PE-T153-SE-NIZ-CC-CSNIZ-FOP','MPB','1RU-0924-1799',40035152),
	(43,1915488,'AMP OPT SE NIZ STM-64 DIR VAD P4','PE-T153-SE-NIZ-CC-CSNIZ-FOP','MPB','1RU-0926-1869',40035152),
	(44,1915490,'AMP OPT SE NIZ STM-64 DIR VAD P5','PE-T153-SE-NIZ-CC-CSNIZ-FOP','MPB','1RU-0926-1879',40035152),
	(45,1915491,'AMP OPT SE NIZ STM-64 DIR VAD P6','PE-T153-SE-NIZ-CC-CSNIZ-FOP','MPB','1RU-0928-1946',40035152),
	(46,1546808,'AMP OPT SE NIZ STM-64 DIR VAD R1','PE-T153-SE-NIZ-CC-CSNIZ-FOP','MPB','1RU-0928-1971',40035153),
	(47,1915494,'AMP OPT SE NIZ STM-64 DIR VAD R2','PE-T153-SE-NIZ-CC-CSNIZ-FOP','MPB','1RU-0847-1581',40035153),
	(48,1915498,'AMP OPT SE NIZ STM-64 DIR VAD R3','PE-T153-SE-NIZ-CC-CSNIZ-FOP','MPB','1RU-0926-1862',40035153),
	(49,1915501,'AMP OPT SE NIZ STM-64 DIR VAD R4','PE-T153-SE-NIZ-CC-CSNIZ-FOP','MPB','1RU-0928-1945',40035153),
	(50,1547300,'ANTENA VHF 3 REYES OMNIDIREC 6dB 1','PE-T153-TA-COM-RP-3REYE-VHF','DECIBEL PRODUCT','SIN NUMERO DE SERIE',44030529),
	(51,1547301,'ANTENA VHF 3 REYES OMNIDIREC 6db 2','PE-T153-TA-COM-RP-3REYE-VHF','DECIBEL PRODUCT','SIN NUMERO DE SERIE',NULL),
	(52,2494798,'ANTENA VHF REP NIZ_01','PE-T153-TA-COM-RP-NIZUC-VHF','HUSTLER','',40086288),
	(53,2494801,'ANTENA VHF REP NIZ_02','PE-T153-TA-COM-RP-NIZUC-VHF','HUSTLER','',40086289),
	(54,2494802,'ANTENA VHF REP NIZ_03','PE-T153-TA-COM-RP-NIZUC-VHF','HUSTLER','',40086290),
	(55,2494803,'ANTENA VHF REP NIZ_04','PE-T153-TA-COM-RP-NIZUC-VHF','HUSTLER','',40086291),
	(56,2490704,'ANTENA VHF REP PCN_01','PE-T153-TA-COM-RP-PEPCN-VHF','HUSTLER','SIN NUMERO DE SERIE',40083676),
	(57,2490706,'ANTENA VHF REP PCN_02','PE-T153-TA-COM-RP-PEPCN-VHF','HUSTLER','SIN NUMERO DE SERIE',40083677),
	(58,2494808,'ANTENA VHF REP PCN_03','PE-T153-TA-COM-RP-PEPCN-VHF','HUSTLER','SIN NUMERO DE SERIE',40092314),
	(59,2494809,'ANTENA VHF REP PCN_04','PE-T153-TA-ERO-NA-EQCOM','HUSTLER','SIN NUMERO DE SERIE',40092315),
	(60,2556709,'ANTENA VHF SE AKD OMNIDIREC 6db 1','PE-T153-SE-AKD-EA-EQCOM-VHF','HUSTLER','',NULL),
	(61,2556710,'ANTENA VHF SE AKD OMNIDIREC 6db 2','PE-T153-SE-AKD-EA-EQCOM-VHF','HUSTLER','',NULL),
	(62,2241892,'ANTENA VHF SE IBR OMNIDIREC 6dB 1','PE-T153-SE-IBR-EA-EQCOM-VHF','','',40014843),
	(63,2242421,'ANTENA VHF SE MPA OMNIDIREC 6DB 1','PE-T153-SE-MPA-EA-EQCOM-VHF','','',40014855),
	(64,1547296,'ANTENA VHF SE NIZ OMNIDIREC 6db 1','PE-T153-TA-COM-RP-NIZUC-VHF','DECIBEL PRODUCT','SIN NUMERO DE SERIE',40014350),
	(65,1547297,'ANTENA VHF SE NIZ OMNIDIREC 6db 2','PE-T153-TA-COM-RP-NIZUC-VHF','DECIBEL PRODUCT','SIN NUMERO DE SERIE',40014351),
	(66,1547288,'ANTENA VHF SE PCN OMNIDIREC 6db 1','PE-T153-TA-COM-RP-PEPCN-VHF','DECIBEL PRODUCT','SIN NUMERO DE SERIE',40014357),
	(67,1547289,'ANTENA VHF SE PCN OMNIDIREC 6db 2','PE-T153-TA-COM-RP-PEPCN-VHF','DECIBEL PRODUCT','SIN NUMERO DE SERIE',40014358),
	(68,2556707,'ANTENA VHF SE RMY OMNIDIREC 6db 1','PE-T153-SE-RMY-EA-EQCOM-VHF','HUSTLER','',NULL),
	(69,2049586,'ANTENA VHF SE RMY OMNIDIREC 6dB 1','PE-T153-SE-RMY-EA-EQCOM-VHF','DECIBEL PRODUCT','SIN NUMERO DE SERIE',40013918),
	(70,2556708,'ANTENA VHF SE RMY OMNIDIREC 6db 2','PE-T153-SE-RMY-EA-EQCOM-VHF','HUSTLER','',NULL),
	(71,1547303,'ANTENA VHF VAD NUEVO OMNIDIREC 6db 1','PE-T153-TA-COM-RP-VADNV-VHF','DECIBEL PRODUCT','SIN NUMERO DE SERIE',NULL),
	(72,1547304,'ANTENA VHF VAD NUEVO OMNIDIREC 6db 2','PE-T153-TA-COM-RP-VADNV-VHF','DECIBEL PRODUCT','SIN NUMERO DE SERIE',NULL),
	(73,1551017,'CABLE RF OPLAT BLM  B BLM 93050 VAD','PE-T153-SE-BLM-BL-93050-OPL','ANDREW','SIN NUMERO DE SERIE',22132693),
	(74,1551023,'CABLE RF OPLAT BLM  B BLM 93060 NIZ','PE-T153-SE-BLM-BL-93060-OPL','ANDREW','SIN NUMERO DE SERIE',22132694),
	(75,2518239,'CABLE RF OPLAT KHN  B KHN 73T60 TZM','PE-T153-SE-KHN-EA-EQCOM-OPL','SIEMENS','',44080718),
	(76,1551011,'CABLE RF OPLAT NIZ  B NIZ 73480 CEX','PE-T153-SE-NIZ-BM-73480-OPL','ANDREW','SIN NUMERO DE SERIE',22132708),
	(77,1550965,'CABLE RF OPLAT NIZ  B NIZ 93040 RMY','PE-T153-SE-NIZ-BL-93040-OPL','ANDREW','SIN NUMERO DE SERIE',22132713),
	(78,1550924,'CABLE RF OPLAT NIZ  B NIZ 93060 BLM','PE-T153-SE-NIZ-BL-93060-OPL','ANDREW','SIN NUMERO DE SERIE',22132709),
	(79,1550948,'CABLE RF OPLAT NIZ  B NIZ 93070 BLM','PE-T153-SE-NIZ-BL-93070-OPL','ANDREW','SIN NUMERO DE SERIE',22132710),
	(80,1593771,'CABLE RF OPLAT NIZ  B NIZ 93170 RMY','PE-T153-SE-NIZ-BL-93170-OPL','ANDREW','SIN NUMERO DE SERIE',22132711),
	(81,1550900,'CABLE RF OPLAT PCN  B PCN 93180 RMY','PE-T153-SE-PCN-BL-93180-OPL','SIEMENS','SIN NUMERO',22132715),
	(82,1550901,'CABLE RF OPLAT PCN  B PCN 93190 RMY','PE-T153-SE-PCN-BL-93190-OPL','SIEMENS','SIN NUMERO',22132716),
	(83,2050265,'CABLE RF OPLAT RMY  B RMY 93040 NIZ','PE-T153-SE-RMY-BL-93040-OPL','SIEMENS','SIN NUMERO DE SERIE',NULL),
	(84,2050269,'CABLE RF OPLAT RMY  B RMY 93170 NIZ','PE-T153-SE-RMY-BL-93170-OPL','SIEMENS','SIN NUMERO DE SERIE',NULL),
	(85,2050270,'CABLE RF OPLAT RMY  B RMY 93180 PCN','PE-T153-SE-RMY-BL-93180-OPL','SIEMENS','SIN NUMERO DE SERIE',NULL),
	(86,2050271,'CABLE RF OPLAT RMY  B RMY 93190 PCN','PE-T153-SE-RMY-BL-93190-OPL','SIEMENS','SIN NUMERO DE SERIE',NULL),
	(87,2050272,'CABLE RF OPLAT RMY  B RMY A3Q60 DZT','PE-T153-SE-RMY-BL-A3Q60-OPL','SIEMENS','SIN NUMERO DE SERIE',NULL),
	(88,2050273,'CABLE RF OPLAT RMY  B RMY A3Q70 DZT','PE-T153-SE-RMY-BL-A3Q70-OPL','SIEMENS','SIN NUMERO DE SERIE',NULL),
	(89,2241900,'cable RF VHF SE IBR','PE-T153-SE-IBR-EA-EQCOM-VHF','','',40014838),
	(90,2242429,'Cable RF VHF SE MPA','PE-T153-SE-MPA-EA-EQCOM-VHF','','',40014855),
	(91,2556711,'CABLERF REP AKD  HELIAX   1/2 01','PE-T153-SE-AKD-EA-EQCOM-VHF','COMMSCOPE','',NULL),
	(92,2556712,'CABLERF REP AKD  HELIAX   1/2 02','PE-T153-SE-AKD-EA-EQCOM-VHF','COMMSCOPE','',NULL),
	(93,2494793,'CABLERF REP NIZ  HELIAX  1 1/4_01','PE-T153-TA-COM-RP-PEPCN-VHF','COMMSCOPE','',40086284),
	(94,2494794,'CABLERF REP NIZ  HELIAX  1 1/4_02','PE-T153-TA-COM-RP-NIZUC-VHF','COMMSCOPE','',40086285),
	(95,2494795,'CABLERF REP NIZ  HELIAX  1 1/4_03','PE-T153-TA-COM-RP-NIZUC-VHF','COMMSCOPE','',40086286),
	(96,2494796,'CABLERF REP NIZ  HELIAX  1 1/4_04','PE-T153-TA-COM-RP-NIZUC-VHF','COMMSCOPE','',40086287),
	(97,2490715,'CABLERF REP PCN  HELIAX  1 1/4_01','PE-T153-TA-COM-RP-PEPCN-VHF','COMMSCOPE','SIN NUMERO DE SERIE',40083675),
	(98,2490716,'CABLERF REP PCN  HELIAX  1 1/4_02','PE-T153-TA-COM-RP-PEPCN-VHF','COMMSCOPE','SIN NUMERO DE SERIE',40083674),
	(99,2494800,'CABLERF REP PCN  HELIAX  1 1/4_03','PE-T153-TA-COM-RP-PEPCN-VHF','COMMSCOPE','SIN NUMERO DE SERIE',40092312),
	(100,2494806,'CABLERF REP PCN  HELIAX  1 1/4_04','PE-T153-TA-COM-RP-PEPCN-VHF','COMMSCOPE','SIN NUMERO DE SERIE',40092313),
	(101,2556705,'CABLERF REP RMY  HELIAX   1/2 01','PE-T153-SE-RMY-EA-EQCOM-VHF','COMMSCOPE','',NULL),
	(102,2556706,'CABLERF REP RMY  HELIAX   1/2 02','PE-T153-SE-RMY-EA-EQCOM-VHF','COMMSCOPE','',NULL),
	(103,1547302,'CABLERF REP3REYES1 HELIAX 7/8 50 OHM','PE-T153-TA-COM-RP-3REYE-VHF','SIEMENS','SIN NUMERO DE SERIE',22131236),
	(104,1666132,'CABLERF REP3REYES2 HELIAX 7/8 50 OHM','PE-T153-TA-COM-RP-3REYE-VHF','ANDREW','SIN NUMERO DE SERIE',22131236),
	(105,1547305,'CABLERF REPVADNVO1 HELIAX 7/8 50 OHM','PE-T153-TA-COM-RP-VADNV-VHF','ANDREW','SIN NUMERO DE SERIE',NULL),
	(106,1666140,'CABLERF REPVADNVO2 HELIAX 7/8 50 OHM','PE-T153-TA-COM-RP-VADNV-VHF','ANDREW','SIN NUMERO DE SERIE',NULL),
	(107,1547299,'CABLERF S.E NIZ  HELIAX 7/8 50 OHM','PE-T153-TA-COM-RP-NIZUC-VHF','ANDREW','SIN NUMERO DE SERIE',22132714),
	(108,1547291,'CABLERF S.E PCN  HELIAX 7/8 50 OHM','PE-T153-TA-COM-RP-PEPCN-VHF','ANDREW','SIN NUMERO DE SERIE',22132712),
	(109,767191,'CAJA EMPA OPGW_36 TRAN 115 BLM-73620-YAX','PE-T153-SE-BLM-EA-EQCOM-FOP','PLP','SIN NUMERO DE SERIE',22284519),
	(110,1859746,'CAJA EMPAL ADSS_36 AGE TLM   AGETLM SE T','PE-T153-TA-COM-CI-CIDIS-TLM','PLP','SIN NUMERO DE SERIE',40036039),
	(111,2103673,'CAJA EMPAL ADSS_36 POS 1   HOTCOZ-SCT','PE-T153-TA-COM-HT-HTCOZ-FOP','UMBRAL','SIN NUMERO DE SERIE',27023500),
	(112,2103674,'CAJA EMPAL ADSS_36 POS 15   HOTCOZ-SCT','PE-T153-TA-COM-HT-HTCOZ-FOP','UMBRAL','SIN NUMERO DE SERIE',27023501),
	(113,2103755,'CAJA EMPAL ADSS_36 POS 15   HOTCOZ-SCT','PE-T153-TA-COM-HT-HTCOZ-FOP','UMBRAL','SIN NUMERO DE SERIE',27023588),
	(114,2103757,'CAJA EMPAL ADSS_36 POS.5 HTCOZ -SCT','PE-T153-TA-COM-HT-HTCOZ-FOP','UMBRAL','SIN NUMERO DE SERIE',27023590),
	(115,1859767,'CAJA EMPAL ADSS_36 POS01 PRO CNC PROFECO','PE-T153-TA-COM-UM-T0699','PLP','SIN NUMERO DE SERIE',40035999),
	(116,2532223,'CAJA EMPAL ADSS_36 POS05 HTGCNC AXTEL','PE-T153-TA-COM-UM-T0701','','',27040850),
	(117,2531039,'CAJA EMPAL ADSS_36 POS05 HTGCNC PLAME','PE-T153-TA-COM-UM-T0701','','',27040847),
	(118,2436098,'CAJA EMPAL ADSS_36 POS06 PLAME REG96','PE-T153-TA-COM-UM-T0702','','',27035752),
	(119,2436099,'CAJA EMPAL ADSS_36 POS09 PLAME REG96','PE-T153-TA-COM-UM-T0702','','',27035753),
	(120,2126337,'CAJA EMPAL ADSS_36 POS1  00CDC YIK-NIZ','PE-T153-TA-COM-UM-CEYIK','PLP','SIN NUMERO DE SERIE',27023894),
	(121,1859762,'CAJA EMPAL ADSS_36 POS1  SUB CEK PLP P.T','PE-T153-TA-COM-UM-T0701','PLP','SIN NUMERO DE SERIE',40036012),
	(122,2193426,'CAJA EMPAL ADSS_36 POS1  ZOT HTGCNC UBL','PE-T153-TA-COM-UM-ZOT','UMBRAL','S/N',27023878),
	(123,2193447,'CAJA EMPAL ADSS_36 POS1 SECNC HTGCNC UBL','PE-T153-TA-COM-UM-ZOT','UMBRAL','S/N',27023885),
	(124,2532222,'CAJA EMPAL ADSS_36 POS10 HTGCNC AXTEL','PE-T153-TA-COM-UM-T0701','','',27040849),
	(125,2531040,'CAJA EMPAL ADSS_36 POS10 HTGCNC PLAME','PE-T153-TA-COM-UM-T0701','','',27040848),
	(126,2193428,'CAJA EMPAL ADSS_36 POS15 ZOT HTGCNC UBL','PE-T153-TA-COM-UM-ZOT','UMBRAL','S/N',27023879),
	(127,2436096,'CAJA EMPAL ADSS_36 POS16 HTGCNC PLAME','PE-T153-TA-COM-UM-T0701','','',27035750),
	(128,2193433,'CAJA EMPAL ADSS_36 POS16 ZOT HTGCNC UBL','PE-T153-TA-COM-UM-ZOT','UMBRAL','S/N',27023880),
	(129,1859761,'CAJA EMPAL ADSS_36 POS2 SUB CEK PLP COPE','PE-T153-TA-COM-UM-T0702','PLP','SIN NUMERO DE SERIE',40036011),
	(130,2126339,'CAJA EMPAL ADSS_36 POS2 YIK UBL AEROPTO','PE-T153-TA-COM-UM-CEYIK','PLP','SIN NUMERO DE SERIE',27023895),
	(131,2436091,'CAJA EMPAL ADSS_36 POS21 HTGCNC MOPRO','PE-T153-TA-COM-UM-T0699','','',27035746),
	(132,2436097,'CAJA EMPAL ADSS_36 POS22 HTGCNC PLAME','PE-T153-TA-COM-UM-T0701','','',27035751),
	(133,2436092,'CAJA EMPAL ADSS_36 POS25 HTGCNC MOPRO','PE-T153-TA-COM-UM-T0699','','',27035747),
	(134,1859775,'CAJA EMPAL ADSS_36 POS3 SUB CEK PLP MCDO','PE-T153-TA-COM-UM-T0702','PLP','SIN NUMERO DE SERIE',27023874),
	(135,2126341,'CAJA EMPAL ADSS_36 POS3 YIK UBL AEROPTO','PE-T153-TA-COM-UM-CEYIK','PLP','SIN NUMERO DE SERIE',27023896),
	(136,2193439,'CAJA EMPAL ADSS_36 POS36 ZOT HTGCNC UBL','PE-T153-TA-COM-UM-ZOT','UMBRAL','S/N',27023881),
	(137,2103756,'CAJA EMPAL ADSS_36 POS4  HTCOZ-SCT','PE-T153-TA-COM-HT-HTCOZ-FOP','UMBRAL','SIN NUMERO DE SERIE',27023589),
	(138,1859776,'CAJA EMPAL ADSS_36 POS4 SUB CEK PLP IMSS','PE-T153-TA-COM-UM-T0702','PLP','SIN NUMERO DE SERIE',27023875),
	(139,2126342,'CAJA EMPAL ADSS_36 POS4 YIK UB','PE-T153-TA-COM-UM-CEYIK','PLP','SIN NUMERO D_E SERIE',NULL),
	(140,2534521,'CAJA EMPAL ADSS_36 POS43 SENIZ-CEYIK','PE-T153-TA-COM-UM-T0701','','',27040853),
	(141,2531041,'CAJA EMPAL ADSS_36 POS43 SETUM AGTUM','PE-T153-TA-COM-UM-T0703','','',27040844),
	(142,2531044,'CAJA EMPAL ADSS_36 POS47 SETUM AGTUM','PE-T153-TA-COM-UM-T0703','','',27040845),
	(143,2436100,'CAJA EMPAL ADSS_36 POS48 PLAME REG96','PE-T153-TA-COM-UM-T0702','','',27035754),
	(144,1859777,'CAJA EMPAL ADSS_36 POS5 SUB CEK PLP NICH','PE-T153-TA-COM-UM-T0702','PLP','SIN NUMERO DE SERIE',27023876),
	(145,2193441,'CAJA EMPAL ADSS_36 POS50 ZOT HTGCNC UBL','PE-T153-TA-COM-UM-ZOT','UMBRAL','S/N',27023882),
	(146,2436102,'CAJA EMPAL ADSS_36 POS52 PLAME REG96','PE-T153-TA-COM-UM-T0702','','',27035755),
	(147,2436105,'CAJA EMPAL ADSS_36 POS52 SENIZ CEYIK','PE-T153-TA-COM-UM-CEYIK','','',27035756),
	(148,1859768,'CAJA EMPAL ADSS_36 POS6 CJF CNC PLP SEGP','PE-T153-TA-COM-UM-T0723','PLP','SIN NUMERO DE SERIE',40036000),
	(149,2436106,'CAJA EMPAL ADSS_36 POS65 SENIZ CEYIK','PE-T153-TA-COM-UM-CEYIK','','',27035757),
	(150,1933534,'CAJA EMPAL ADSS_36 POS7 SUB CEK PLP ANDR','PE-T153-TA-COM-UM-T0723','PLP','SIN NUMERO DE SERIE',40036011),
	(151,2436094,'CAJA EMPAL ADSS_36 POS71 HTGCNC PLAME','PE-T153-TA-COM-UM-T0701','','',27035748),
	(152,2436095,'CAJA EMPAL ADSS_36 POS73 HTGCNC PLAME','PE-T153-TA-COM-UM-T0701','','',27035749),
	(153,2532225,'CAJA EMPAL ADSS_36 POS75 ZOTCNC ZDCNC','PE-T153-TA-COM-UM-T0701','','',27040852),
	(154,2193444,'CAJA EMPAL ADSS_36 POS76 ZOT HTGCNC UBL','PE-T153-TA-COM-UM-ZOT','UMBRAL','S/N',27023883),
	(155,2532224,'CAJA EMPAL ADSS_36 POS77 ZOTCNC ZDCNC','PE-T153-TA-COM-UM-T0701','','',27040851),
	(156,1933536,'CAJA EMPAL ADSS_36 POS8 CEK PLP NACHI','PE-T153-TA-COM-UM-T0723','PLP','SIN NUMERO DE SERIE',40036011),
	(157,2436107,'CAJA EMPAL ADSS_36 POS91SENIZ CEYIK','PE-T153-TA-COM-UM-CEYIK','','',27035758),
	(158,2436108,'CAJA EMPAL ADSS_36 POS93 SENIZ CEYIK','PE-T153-TA-COM-UM-CEYIK','','',27035759),
	(159,2193445,'CAJA EMPAL ADSS_36 POS99 ZOT HTGCNC UBL','PE-T153-TA-COM-UM-ZOT','UMBRAL','S/N',27023884),
	(160,2103758,'CAJA EMPAL ADSS_36 POST66 HTCOZ-SCT','PE-T153-TA-COM-HT-HTCOZ-FOP','UMBRAL','SIN NUMERO DE SERIE',27023591),
	(161,1933538,'CAJA EMPAL ADSS_36 SUB CEK PLP PABELLO','PE-T153-TA-COM-UM-T0723','PLP','SIN NUMERO DE SERIE',40036011),
	(162,1547516,'CAJA EMPAL ADSS_36 TRAN 34.5  CHB-53180-','PE-T153-SE-PCN-EA-EQCOM-FOP','CESUBMARINA','SIN NUMERO DE SERIE',40036995),
	(163,1448964,'CAJA EMPAL ADSS_36 TRAN 34.5  PCN-53180-','PE-T153-LT-M23-AE-53180-CFO-CE','CESUBMARINA','SIN NUMERO DE SERIE',27023954),
	(164,1269775,'CAJA EMPAL OPGW_36 EST.012  NIZ-73780-MP','PE-T153-LT-M23-AE-73R10-CFO-CE','PRYSMIAN','SIN NUMERO DE SERIE',27023570),
	(165,1269738,'CAJA EMPAL OPGW_36 EST.014  NIZ-93040-RM','PE-T153-LT-230-AE-93180-CFO-CE','PLP','SIN NUMERO DE SERIE',44055438),
	(166,1269780,'CAJA EMPAL OPGW_36 EST.022  NIZ-73780-MP','PE-T153-LT-M23-AE-73R10-CFO-CE','PRYSMIAN','SIN NUMERO DE SERIE',44055452),
	(167,1290030,'CAJA EMPAL OPGW_36 EST.024  NIZ-93060-BL','PE-T153-LT-230-AE-93060-CFO-CE','PLP','SIN NUMERO DE SERIE',44055430),
	(168,1269739,'CAJA EMPAL OPGW_36 EST.029  NIZ-93040-RM','PE-T153-LT-230-AE-93180-CFO-CE','PLP','SIN NUMERO DE SERIE',44055439),
	(169,1269781,'CAJA EMPAL OPGW_36 EST.031  NIZ-73780-MP','PE-T153-LT-M23-AE-73R10-CFO-CE','PRYSMIAN','SIN NUMERO DE SERIE',44055453),
	(170,1290031,'CAJA EMPAL OPGW_36 EST.039  NIZ-93060-BL','PE-T153-LT-230-AE-93060-CFO-CE','PLP','SIN NUMERO DE SERIE',44055431),
	(171,1269782,'CAJA EMPAL OPGW_36 EST.040  NIZ-73780-MP','PE-T153-LT-M23-AE-73R10-CFO-CE','PRYSMIAN','SIN NUMERO DE SERIE',44055454),
	(172,1269740,'CAJA EMPAL OPGW_36 EST.043  NIZ-93040-RM','PE-T153-LT-230-AE-93180-CFO-CE','PLP','SIN NUMERO DE SERIE',44055440),
	(173,1269783,'CAJA EMPAL OPGW_36 EST.045  NIZ-73780-MP','PE-T153-LT-M23-AE-73R10-CFO-CE','PRYSMIAN','SIN NUMERO DE SERIE',40035910),
	(174,1269784,'CAJA EMPAL OPGW_36 EST.049  NIZ-73780-MP','PE-T153-LT-M23-AE-73R10-CFO-CE','PRYSMIAN','SIN NUMERO DE SERIE',40035911),
	(175,1269742,'CAJA EMPAL OPGW_36 EST.049  NIZ-93040-RM','PE-T153-LT-230-AE-93180-CFO-CE','PLP','SIN NUMERO DE SERIE',44055441),
	(176,1269785,'CAJA EMPAL OPGW_36 EST.061  NIZ-73780-MP','PE-T153-LT-M23-AE-73R10-CFO-CE','PRYSMIAN','SIN NUMERO DE SERIE',40035919),
	(177,1269743,'CAJA EMPAL OPGW_36 EST.061  NIZ-93040-RM','PE-T153-LT-230-AE-93180-CFO-CE','PLP','SIN NUMERO DE SERIE',44055442),
	(178,1269786,'CAJA EMPAL OPGW_36 EST.069  NIZ-73780-MP','PE-T153-LT-M23-AE-73R10-CFO-CE','PRYSMIAN','SIN NUMERO DE SERIE',40035075),
	(179,1269745,'CAJA EMPAL OPGW_36 EST.069  NIZ-93040-RM','PE-T153-LT-230-AE-93180-CFO-CE','PLP','SIN NUMERO DE SERIE',44055443),
	(180,1290032,'CAJA EMPAL OPGW_36 EST.071  NIZ-93060-BL','PE-T153-LT-230-AE-93060-CFO-CE','PLP','SIN NUMERO DE SERIE',44055432),
	(181,1269746,'CAJA EMPAL OPGW_36 EST.077  NIZ-93040-RM','PE-T153-LT-230-AE-93180-CFO-CE','PLP','SIN NUMERO DE SERIE',44055444),
	(182,1269787,'CAJA EMPAL OPGW_36 EST.078  NIZ-73780-MP','PE-T153-LT-M23-AE-73R10-CFO-CE','PRYSMIAN','SIN NUMERO DE SERIE',40036035),
	(183,1290033,'CAJA EMPAL OPGW_36 EST.085  NIZ-93060-BL','PE-T153-LT-230-AE-93060-CFO-CE','PLP','SIN NUMERO DE SERIE',44055433),
	(184,1269788,'CAJA EMPAL OPGW_36 EST.086  NIZ-73780-MP','PE-T153-LT-M23-AE-73R10-CFO-CE','PRYSMIAN','SIN NUMERO DE SERIE',27023632),
	(185,1269748,'CAJA EMPAL OPGW_36 EST.089  NIZ-93040-RM','PE-T153-LT-230-AE-93180-CFO-CE','PLP','SIN NUMERO DE SERIE',44055445),
	(186,1269789,'CAJA EMPAL OPGW_36 EST.097  NIZ-73780-MP','PE-T153-LT-M23-AE-73R10-CFO-CE','PLP','SIN NUMERO DE SERIE',40035936),
	(187,1269749,'CAJA EMPAL OPGW_36 EST.097  NIZ-93040-RM','PE-T153-LT-230-AE-93180-CFO-CE','PLP','SIN NUMERO DE SERIE',44055446),
	(188,1269790,'CAJA EMPAL OPGW_36 EST.101  NIZ-73780-MP','PE-T153-LT-M23-AE-73R10-CFO-CE','PRYSMIAN','SIN NUMERO DE SERIE',40035658),
	(189,1269751,'CAJA EMPAL OPGW_36 EST.101  NIZ-93040-RM','PE-T153-LT-230-AE-93180-CFO-CE','PRYSMIAN','SIN NUMERO DE SERIE',44055447),
	(190,1290034,'CAJA EMPAL OPGW_36 EST.104  NIZ-93060-BL','PE-T153-LT-230-AE-93060-CFO-CE','PLP','SIN NUMERO DE SERIE',44055434),
	(191,1269895,'CAJA EMPAL OPGW_36 EST.113  NIZ-73780-MP','PE-T153-LT-M23-AE-73R10-CFO-CE','PRYSMIAN','SIN NUMERO DE SERIE',40035659),
	(192,1269752,'CAJA EMPAL OPGW_36 EST.113  NIZ-93040-RM','PE-T153-LT-230-AE-93180-CFO-CE','PRYSMIAN','SIN NUMERO DE SERIE',44055448),
	(193,1290035,'CAJA EMPAL OPGW_36 EST.115  NIZ-93060-BL','PE-T153-LT-230-AE-93060-CFO-CE','PLP','SIN NUMERO DE SERIE',44055435),
	(194,1269896,'CAJA EMPAL OPGW_36 EST.127  NIZ-73780-MP','PE-T153-LT-M23-AE-73R10-CFO-CE','PRYSMIAN','SIN NUMERO DE SERIE',40035660),
	(195,1269753,'CAJA EMPAL OPGW_36 EST.127  PCN-93180-RM','PE-T153-LT-230-AE-93180-CFO-CE','PRYSMIAN','SIN NUMERO DE SERIE',44055449),
	(196,1269897,'CAJA EMPAL OPGW_36 EST.138  NIZ-73780-MP','PE-T153-LT-M23-AE-73R10-CFO-CE','PRYSMIAN','SIN NUMERO DE SERIE',40035661),
	(197,1269755,'CAJA EMPAL OPGW_36 EST.138  PCN-93180-RM','PE-T153-LT-230-AE-93180-CFO-CE','PRYSMIAN','SIN NUMERO DE SERIE',44055450),
	(198,1269898,'CAJA EMPAL OPGW_36 EST.149  NIZ-73780-MP','PE-T153-LT-M23-AE-73R10-CFO-CE','PRYSMIAN','SIN NUMERO DE SERIE',40034313),
	(199,1269757,'CAJA EMPAL OPGW_36 EST.149  PCN-93180-RM','PE-T153-LT-230-AE-93180-CFO-CE','PRYSMIAN','SIN NUMERO DE SERIE',40035893),
	(200,1269899,'CAJA EMPAL OPGW_36 EST.158  NIZ-73780-MP','PE-T153-LT-M23-AE-73R10-CFO-CE','PRYSMIAN','SIN NUMERO DE SERIE',40034314),
	(201,1269759,'CAJA EMPAL OPGW_36 EST.158  PCN-93180-RM','PE-T153-LT-230-AE-93180-CFO-CE','PRYSMIAN','SIN NUMERO DE SERIE',44055451),
	(202,2518262,'CAJA EMPAL OPGW_36 EST001  KHN-73460-CEK','PE-T153-LT-M23-AE-73460-CFO-CF','','',44080760),
	(203,2518259,'CAJA EMPAL OPGW_36 EST019  KHN-73460-CEK','PE-T153-LT-M23-AE-73460-CFO-CF','','',44080755),
	(204,2489568,'CAJA EMPAL OPGW_36 T100 LT TUM-73840-AKD','PE-T153-LT-M23-AE-73840-CFO-CE','','SIN NUMERO DE SERIE',27039410),
	(205,2489566,'CAJA EMPAL OPGW_36 T147 LT AUC-73R50-AKD','PE-T153-LT-M23-AE-73R50-CFO-CF','','SIN NUMERO DE SERIE',27039417),
	(206,2489567,'CAJA EMPAL OPGW_36 T149 LT TUM-73840-AKD','PE-T153-LT-M23-AE-73840-CFO-CE','','SIN NUMERO DE SERIE',27039409),
	(207,2012622,'CAJA EMPAL OPGW_36 TRAN  93170 NIZ PIR E','PE-T153-TA-EDI-OP-EDI02','PLP','SIN NUMERO DE SERIE',27023504),
	(208,2241322,'CAJA EMPAL OPGW_36 TRAN 115   CEK-73600-','PE-T153-SE-CEK-EA-EQCOM-FOP','','',40014811),
	(209,2241324,'CAJA EMPAL OPGW_36 TRAN 115   CEK-73610-','PE-T153-SE-CEK-EA-EQCOM-FOP','','',40014814),
	(210,2241897,'CAJA EMPAL OPGW_36 TRAN 115   IBR-73920-','PE-T153-SE-IBR-EA-EQCOM-FOP','','',40014847),
	(211,2242267,'CAJA EMPAL OPGW_36 TRAN 115   KUK-73650-','PE-T153-SE-KUK-EA-EQCOM-FOP','','',40014852),
	(212,2242264,'CAJA EMPAL OPGW_36 TRAN 115   KUK-73660-','PE-T153-SE-KUK-EA-EQCOM-FOP','','',40014851),
	(213,2242427,'CAJA EMPAL OPGW_36 TRAN 115   MPA-73780-','PE-T153-SE-MPA-EA-EQCOM-FOP','','',40014856),
	(214,2242627,'CAJA EMPAL OPGW_36 TRAN 115   MYK-73910-','PE-T153-SE-MYK-EA-EQCOM-FOP','','',40014860),
	(215,2243053,'CAJA EMPAL OPGW_36 TRAN 115   PJU-73660-','PE-T153-SE-PJU-EA-EQCOM-FOP','','',40014866),
	(216,2243051,'CAJA EMPAL OPGW_36 TRAN 115   PJU-73680-','PE-T153-SE-PJU-EA-EQCOM-FOP','','',40014865),
	(217,2243601,'CAJA EMPAL OPGW_36 TRAN 115   PMO-73C20-','PE-T153-SE-PMO-EA-EQCOM-FOP','','',NULL),
	(218,2243598,'CAJA EMPAL OPGW_36 TRAN 115   PMO-73R40-','PE-T153-SE-PMO-EA-EQCOM-FOP','','',NULL),
	(219,2243874,'CAJA EMPAL OPGW_36 TRAN 115   PSA-73C10-','PE-T153-SE-PSA-EA-EQCOM-FOP','','',40014876),
	(220,1448967,'CAJA EMPAL OPGW_36 TRAN 115  AUC-73R60-','PE-T153-LT-M23-AE-73840-CFO-CE','PLP','SIN NUMERO DE SERIE',44055437),
	(221,1290074,'CAJA EMPAL OPGW_36 TRAN 115  BLM-73680-P','PE-T153-SE-BLM-EA-EQCOM-FOP','PLP','SIN NUMERO DE SERIE',27023968),
	(222,1587795,'CAJA EMPAL OPGW_36 TRAN 115  BLM-73690-N','PE-T153-SE-BLM-EA-EQCOM-FOP','PLP','SIN NUMERO DE SERIE',40037072),
	(223,1448966,'CAJA EMPAL OPGW_36 TRAN 115  CNC-73600-C','PE-T153-SE-CNC-EA-EQCOM-FOP','PLP','SIN NUMERO DE SERIE',27023972),
	(224,1547517,'CAJA EMPAL OPGW_36 TRAN 115  CNC-73800-N','PE-T153-SE-CNC-EA-EQCOM-FOP','PLP','SIN NUMERO DE SERIE',27023973),
	(225,1546844,'CAJA EMPAL OPGW_36 TRAN 115  NIZ-73750-N','PE-T153-LT-230-AE-93060-CFO-CE','PLP','SIN NUMERO DE SERIE',27023981),
	(226,1448965,'CAJA EMPAL OPGW_36 TRAN 115  NIZ-73800-C','PE-T153-LT-230-AE-93060-CFO-CE','PLP','SIN NUMERO DE SERIE',27023584),
	(227,819910,'CAJA EMPAL OPGW_36 TRAN 115  NIZ-73C20-P','PE-T153-LT-230-AE-93060-CFO-CE','PLP','SIN NUMERO DE SERIE',27023978),
	(228,767225,'CAJA EMPAL OPGW_36 TRAN 115  PCN-73R10-Z','PE-T153-LT-M23-AE-73R10-CFO-CE','PLP','SIN NUMERO DE SERIE',27023893),
	(229,1448962,'CAJA EMPAL OPGW_36 TRAN 115  PCN-73R60-A','PE-T153-LT-M23-AE-73840-CFO-CE','PLP','SIN NUMERO DE SERIE',27023955),
	(230,2049866,'CAJA EMPAL OPGW_36 TRAN 115  RMY-73920-I','PE-T153-SE-RMY-BM-73920-FOP','LOCKBAR','SIN NUMERO DE SERIE',48002703),
	(231,2243995,'CAJA EMPAL OPGW_36 TRAN 115  XLC-73R20-R','PE-T153-SE-XLC-EA-EQCOM-FOP','','',40014879),
	(232,2243992,'CAJA EMPAL OPGW_36 TRAN 115  XLC-73R30 Z','PE-T153-SE-XLC-EA-EQCOM-FOP','','',40014878),
	(233,2244179,'CAJA EMPAL OPGW_36 TRAN 115  ZNE-73R30-X','PE-T153-SE-ZNE-EA-EQCOM-FOP','','',40014883),
	(234,2240808,'CAJA EMPAL OPGW_36 TRAN 115 AKD-73840-TU','PE-T153-SE-AKD-EA-EQCOM-FOP','','',40014542),
	(235,2240910,'CAJA EMPAL OPGW_36 TRAN 115 AUC-73R50-AK','PE-T153-SE-AUC-EA-EQCOM-FOP','','',40014566),
	(236,1547515,'CAJA EMPAL OPGW_36 TRAN 115 BLM-73C10 PS','PE-T153-SE-BLM-EA-EQCOM-FOP','PLP','SIN NUMERO DE SERIE',27023970),
	(237,2240985,'CAJA EMPAL OPGW_36 TRAN 115 BNI-73470-NI','PE-T153-SE-BNI-EA-EQCOM-FOP','','',40014608),
	(238,2240982,'CAJA EMPAL OPGW_36 TRAN 115 BNI-73970-CN','PE-T153-SE-BNI-EA-EQCOM-FOP','','',40014606),
	(239,1448963,'CAJA EMPAL OPGW_36 TRAN 115 CNC-73970-BN','PE-T153-SE-CNC-EA-EQCOM-FOP','PLP','SIN NUMERO DE SERIE',27023586),
	(240,1269710,'CAJA EMPAL OPGW_36 TRAN 230  NIZ-93040-R','PE-T153-LT-230-AE-93060-CFO-CE','PLP','SIN NUMERO DE SERIE',27023571),
	(241,1269760,'CAJA EMPAL OPGW_36 TRAN 230  PCN-93180-R','PE-T153-LT-230-AE-93060-CFO-CE','PRYSMIAN','SIN NUMERO DE SERIE',27023570),
	(242,2049869,'CAJA EMPAL OPGW_36 TRAN 230  RMY-93040-N','PE-T153-SE-RMY-BL-93040-FOP','LOCKBAR','SIN NUMERO DE SERIE',48002705),
	(243,2049868,'CAJA EMPAL OPGW_36 TRAN 230  RMY-93180-P','PE-T153-SE-RMY-BL-93180-FOP','LOCKBAR','SIN NUMERO DE SERIE',48002704),
	(244,2049870,'CAJA EMPAL OPGW_36 TRAN 230  RMY-A3Q60-D','PE-T153-SE-RMY-BL-A3Q60-FOP','LOCKBAR','SIN NUMERO DE SERIE',48002705),
	(245,1289971,'CAJA EMPAL OPGW_36 TRAN 230 BLM-93060-NI','PE-T153-SE-BLM-EA-EQCOM-FOP','PLP','SIN NUMERO DE SERIE',27023567),
	(246,1290036,'CAJA EMPAL OPGW_36 TRAN 230 NIZ-93060-BL','PE-T153-LT-230-AE-93060-CFO-CE','PLP','SIN NUMERO DE SERIE',44055436),
	(247,1448961,'CAJA EMPAL OPGW_36 TRAN 230 PCN-93190-RM','PE-T153-LT-230-AE-93190-CFO-CE','PLP','SIN NUMERO DE SERIE',27023576),
	(248,2494129,'CAJA EMPAL OPGW_48 EST0  NIZ-73780-MPA','PE-T153-LT-M23-AE-73780-CFO-CF','','SIN NUMERO DE SERIE',27039607),
	(249,2493946,'CAJA EMPAL OPGW_48 EST001  CEK-73600-CNC','PE-T153-LT-M23-AE-73600-CFO-CF','','SIN NUMERO DE SERIE',27039587),
	(250,2493944,'CAJA EMPAL OPGW_48 EST001  CNC-73600-CEK','PE-T153-LT-M23-AE-73600-CFO-CF','','SIN NUMERO DE SERIE',27039586),
	(251,2494031,'CAJA EMPAL OPGW_48 EST021  KHN-73T60-PPH','PE-T153-LT-M23-AE-73T60-CFO','','SIN NUMERO DE SERIE',27039589),
	(252,2493927,'CAJA EMPAL OPGW_48 EST025  CNC-73600-CEK','PE-T153-LT-M23-AE-73600-CFO-CF','','SIN NUMERO DE SERIE',27039585),
	(253,2494088,'CAJA EMPAL OPGW_48 EST251  KHN-73T60-PPH','PE-T153-LT-M23-AE-73T60-CFO','','SIN NUMERO DE SERIE',27039604),
	(254,2494086,'CAJA EMPAL OPGW_48 EST267  KHN-73T60-PPH','PE-T153-LT-M23-AE-73T60-CFO','','SIN NUMERO DE SERIE',27039603),
	(255,2494085,'CAJA EMPAL OPGW_48 EST282  KHN-73T60-PPH','PE-T153-LT-M23-AE-73T60-CFO','','SIN NUMERO DE SERIE',27039602),
	(256,2494080,'CAJA EMPAL OPGW_48 EST296  KHN-73T60-PPH','PE-T153-LT-M23-AE-73T60-CFO','','SIN NUMERO DE SERIE',27039601),
	(257,2494069,'CAJA EMPAL OPGW_48 EST312  KHN-73T60-PPH','PE-T153-LT-M23-AE-73T60-CFO','','SIN NUMERO DE SERIE',27039600),
	(258,2494067,'CAJA EMPAL OPGW_48 EST327  KHN-73T60-PPH','PE-T153-LT-M23-AE-73T60-CFO','','SIN NUMERO DE SERIE',27039599),
	(259,2494066,'CAJA EMPAL OPGW_48 EST342  KHN-73T60-PPH','PE-T153-LT-M23-AE-73T60-CFO','','SIN NUMERO DE SERIE',27039598),
	(260,2494049,'CAJA EMPAL OPGW_48 EST357  KHN-73T60-PPH','PE-T153-LT-M23-AE-73T60-CFO','','SIN NUMERO DE SERIE',27039597),
	(261,2494048,'CAJA EMPAL OPGW_48 EST372  KHN-73T60-PPH','PE-T153-LT-M23-AE-73T60-CFO','','SIN NUMERO DE SERIE',27039596),
	(262,2494044,'CAJA EMPAL OPGW_48 EST387  KHN-73T60-PPH','PE-T153-LT-M23-AE-73T60-CFO','','SIN NUMERO DE SERIE',27039595),
	(263,2494042,'CAJA EMPAL OPGW_48 EST402  KHN-73T60-PPH','PE-T153-LT-M23-AE-73T60-CFO','','SIN NUMERO DE SERIE',27039594),
	(264,2494038,'CAJA EMPAL OPGW_48 EST417  KHN-73T60-PPH','PE-T153-LT-M23-AE-73T60-CFO','','SIN NUMERO DE SERIE',27039592),
	(265,2494041,'CAJA EMPAL OPGW_48 EST418  KHN-73T60-PPH','PE-T153-LT-M23-AE-73T60-CFO','','SIN NUMERO DE SERIE',27039593),
	(266,2494036,'CAJA EMPAL OPGW_48 EST433  KHN-73T60-PPH','PE-T153-LT-M23-AE-73T60-CFO','','SIN NUMERO DE SERIE',27039591),
	(267,2494035,'CAJA EMPAL OPGW_48 EST448  KHN-73T60-PPH','PE-T153-LT-M23-AE-73T60-CFO','','SIN NUMERO DE SERIE',27039590),
	(268,2436163,'CAJA EMPAL OPGW36 T063 115 PCN-73R60-AUC','PE-T153-LT-M23-AE-73R60-CFO-CE','','',27035744),
	(269,2436167,'CAJA EMPAL OPGW36 T069 115 PCN-73R60-AUC','PE-T153-LT-M23-AE-73R60-CFO-CE','','',27035745),
	(270,2195465,'CBL FO-ADSS_36 NIZ-CCO NIZ ZTN070','PE-T153-TA-ERO-NA-EQCOM','CONDUMEX','',NULL),
	(271,2321737,'CBLFOADSS36AGPCN-CE1P028CNC015','PE-T153-TA-COM-UM-CEYIK-CFO-CF','','',40036975),
	(272,2321748,'CBLFOADSS36CE1P001-SCTPCNCNC051','PE-T153-TA-COM-UM-CEYIK-CFO-CF','','',40036975),
	(273,2321753,'CBLFOADSS36CE1P012-CE1P001CNC036','PE-T153-TA-COM-UM-CEYIK-CFO-CF','','',27023873),
	(274,2321749,'CBLFOADSS36CE1P021-P001CNC047','PE-T153-TA-COM-UM-CEYIK-CFO-CF','','',40036002),
	(275,2321747,'CBLFOADSS36CE1P028-CNXPCNCNC017','PE-T153-TA-COM-UM-CEYIK-CFO-CF','','',40036975),
	(276,2321750,'CBLFOADSS36CE1P035-SCTCNCCNC002','PE-T153-TA-COM-UM-CEYIK-CFO-CF','','',27023583),
	(277,2321751,'CBLFOADSS36CE1P035-SCTPJUCNC003','PE-T153-TA-COM-UM-CEYIK-CFO-CF','','',27023583),
	(278,2321752,'CBLFOADSS36CE1P035-ZDCNCCNC004','PE-T153-TA-COM-UM-CEYIK-CFO-CF','','',27023869),
	(279,2321754,'CBLFOADSS36CE1P051-ZDR96CNC037','PE-T153-TA-COM-UM-CEYIK-CFO-CF','','',27023873),
	(280,2321755,'CBLFOADSS36CE1P133-ZDR96CNC009','PE-T153-TA-COM-UM-CEYIK-CFO-CF','','',40036006),
	(281,2321759,'CBLFOADSS36CE1T008-AGPCNCNC052','PE-T153-TA-COM-UM-CEYIK-CFO-CF','','',44055414),
	(282,2321741,'CBLFOADSS36CHS-CE1P068CNC019','PE-T153-TA-COM-UM-CEYIK-CFO-CF','','',40035751),
	(283,2321738,'CBLFOADSS36CNC-CE1P001CNC068','PE-T153-TA-COM-UM-CEYIK-CFO-CF','','',27023887),
	(284,2321744,'CBLFOADSS36HTCNC-CE1P001CNC008','PE-T153-TA-COM-UM-CEYIK-CFO-CF','','',40036006),
	(285,2321743,'CBLFOADSS36HTCNC-CE1P035CNC001','PE-T153-TA-COM-UM-CEYIK-CFO-CF','','',27023583),
	(286,2321745,'CBLFOADSS36HTCNC-PROCNCCNC006','PE-T153-TA-COM-UM-T0699','','',40036002),
	(287,2321746,'CBLFOADSS36HTCNC-SCJCNCCNC011','PE-T153-TA-COM-UM-CEYIK-CFO-CF','','',27023873),
	(288,2321740,'CBLFOADSS36NIZ-CEPYIKCNC063','PE-T153-TA-COM-UM-CEYIK-CFO-CF','','',27023898),
	(289,2321756,'CBLFOADSS36PROCNC-CE1P040CNC007','PE-T153-TA-COM-UM-CEYIK-CFO-CF','','',40036002),
	(290,2321757,'CBLFOADSS36REPVDN-CE1T241CNC098','PE-T153-TA-COM-UM-CEYIK-CFO-CF','','',27023575),
	(291,2321758,'CBLFOADSS36SCTCNC-SCJCNCCNC067','PE-T153-TA-COM-UM-CEYIK-CFO-CF','','',27023889),
	(292,2378212,'CBLFOADSS36SCTCOZ-CE1P068CNC0105','PE-T153-TA-COM-UM-CEYIK-CFO-CF','','',40035751),
	(293,2321739,'CBLFOADSS36TUM-AGTUMCNC010','PE-T153-TA-COM-UM-CEYIK-CFO-CF','','',40036034),
	(294,2321760,'CBLFOADSS36ZDCNC-SCTCNCCNC066','PE-T153-TA-COM-UM-CEYIK-CFO-CF','','',27023888),
	(295,2517994,'CBLFOADSS36ZDDCNC-ZOTCNCCNC067','PE-T153-TA-COM-UM-CEYIK-CFO-CF','','',27023889),
	(296,2321761,'CBLFOADSS36ZDR96-AGPTECNC061','PE-T153-TA-COM-UM-CEYIK-CFO-CF','','',40036006),
	(297,2321762,'CBLFOADSS36ZOTCNC-ZDCNCCNC065','PE-T153-TA-COM-UM-CEYIK-CFO-CF','','',27023886),
	(298,2321707,'CBLFODIE12BLM-73670-BNPCNC092','PE-T153-LT-M23-AE-73670-CFO-CF','','',27023868),
	(299,2321763,'CBLFODIE12CCOCNC-CTGCNCCNC032','PE-T153-TA-COM-UM-CEYIK-CFO-CF','','',27023866),
	(300,2321764,'CBLFODIE12HAA-73740-HBKCNC043','PE-T153-TA-COM-UM-CEYIK-CFO-CF','','',27023871),
	(301,2321711,'CBLFODIE12HBK-73720-KABCNC078','PE-T153-LT-M23-AE-73720-CFO-CF','','',40035997),
	(302,2321786,'CBLFODIE12NIH-73740-HAACNC042','PE-T153-TA-COM-UM-CEYIK-CFO-CF','','',27023872),
	(303,2321772,'CBLFODIE12NIZ-CTGNIZCNC033','PE-T153-TA-COM-UM-CEYIK-CFO-CF','','',27023873),
	(304,2321726,'CBLFODIE12PSA-73C30-PMUCNC046','PE-T153-LT-M23-AE-73C30-CFO-CF','','',NULL),
	(305,2321765,'CBLFODIE14PCN-CE1R012CNC024','PE-T153-TA-COM-UM-CEYIK-CFO-CF','','',40035358),
	(306,2321766,'CBLFODIE24AGCOZ-CHDCNC054','PE-T153-TA-COM-UM-CEYIK-CFO-CF','','',40036993),
	(307,2321704,'CBLFODIE24BNP-73640-CNCCNC029','PE-T153-LT-M23-AE-73640-CFO-CF','','',40036986),
	(308,2321767,'CBLFODIE24CCONIZ-CMONIZCNC038','PE-T153-TA-COM-UM-CEYIK-CFO-CF','','',27023877),
	(309,2321768,'CBLFODIE24CHS-CHBCNC034','PE-T153-TA-COM-UM-CEYIK-CFO-CF','','',40036993),
	(310,2321787,'CBLFODIE36CE1P079-AGPACCNC055','PE-T153-TA-COM-UM-CEYIK-CFO-CF','','',40036006),
	(311,2321728,'CBLFODIE36CE1T012-73R10-ZNECNC053','PE-T153-LT-M23-AE-73R10-CFO-CF','','',44055412),
	(312,2321735,'CBLFODIE36CE1T016-73C40-KEKCNC101','PE-T153-LT-M23-SU-73C40-CFO-CF','','',44080236),
	(313,2321775,'CBLFODIE36CHB-AXTCOZCNC012','PE-T153-TA-COM-UM-CEYIK-CFO-CF','','',40034685),
	(314,2321774,'CBLFODIE36CHB-CTGCHBCNC062','PE-T153-TA-COM-UM-CEYIK-CFO-CF','','',27023899),
	(315,2321776,'CBLFODIE36CHS-HTCOZCNC016','PE-T153-TA-COM-UM-CEYIK-CFO-CF','','',40036993),
	(316,2321777,'CBLFODIE36CJFCNC-CE1P052CNC056','PE-T153-TA-ERO-NA-EQCOM','','',27023873),
	(317,2321778,'CBLFODIE36CJFCNC-CE1P052CNC057','PE-T153-TA-ERO-NA-EQCOM','','',27023873),
	(318,2321779,'CBLFODIE36HTCNC-BNPCNC028','PE-T153-TA-COM-UM-CEYIK-CFO-CF','','',27023868),
	(319,2321780,'CBLFODIE36HTCNC-ZTCNCCNC060','PE-T153-TA-COM-UM-CEYIK-CFO-CF','','',27023869),
	(320,2321781,'CBLFODIE36HTCNC-ZTCNCCNC064','PE-T153-TA-COM-UM-CEYIK-CFO-CF','','',27023869),
	(321,2321782,'CBLFODIE36HTCOZ-CE1P068CNC059','PE-T153-TA-COM-UM-CEYIK-CFO-CF','','',40036993),
	(322,2321783,'CBLFODIE36HTCOZ-CMCOZCNC013','PE-T153-TA-COM-UM-CEYIK-CFO-CF','','',40035751),
	(323,2321785,'CBLFODIE36HTPCN-CE1P001CNC014','PE-T153-TA-COM-UM-CEYIK-CFO-CF','','',40036975),
	(324,2321784,'CBLFODIE36HTPCN-PCNCNC020','PE-T153-TA-COM-UM-CEYIK-CFO-CF','','',40036995),
	(325,2321713,'CBLFODIE36KAB-73760-PKPCNC079','PE-T153-LT-M23-AE-73760-CFO-CF','','',40036988),
	(326,2321770,'CBLFODIE36NIZ-CCONIZCNC069','PE-T153-TA-COM-UM-CEYIK-CFO-CF','','',40036001),
	(327,2321771,'CBLFODIE36NIZ-CCONIZCNC070','PE-T153-TA-COM-UM-CEYIK-CFO-CF','','',40036036),
	(328,2321719,'CBLFODIE36PCN-73890-PLYCNC093','PE-T153-LT-M23-AE-73890-CFO-CF','','',40014872),
	(329,2321773,'CBLFODIE36PCN-HTPCNCNC058','PE-T153-TA-COM-UM-CEYIK-CFO-CF','','',40036995),
	(330,2518528,'CBLFODIE36PMU-73C40-IXCZTCNC0117','PE-T153-LT-M23-SU-73C50-CFO','','',NULL),
	(331,2321727,'CBLFODIE36PMU-73C50-IXCCNC103','PE-T153-LT-M23-AE-73C30-CFO-CF','','',27023564),
	(332,2321769,'CBLFODIE36ZNE-ZDRMYCNC049','PE-T153-TA-COM-UM-CEYIK-CFO-CF','','',40036007),
	(333,2321708,'CBLFODIE36ZTCNC-73670-BLMCNC022','PE-T153-LT-M23-AE-73670-CFO-CF','','',27023564),
	(334,2536287,'CBLFODIE48HAA-73740-HBKCNC0109','PE-T153-TA-COM-UM-CEYIK-CFO-CF','PRYSMAN','',27041223),
	(335,2540812,'CBLFODIE48NIH-73700-HAACNC0110','PE-T153-LT-M23-AS-73700-CFO','PRYSMAN','',27041219),
	(336,2536280,'CBLFODIE48PKP-73760-NCTCNC108','PE-T153-LT-M23-AE-73760-CFO-CF','PRYSMAN','',27041225),
	(337,2494133,'CBLFODIE48ZOTC-SE PUJ','PE-T153-TA-COM-UM-ZOT','','SIN NUMERO DE SERIE',27041230),
	(338,2436045,'CBLFODIE6NCT-73690-BNPCNC081','PE-T153-LT-M23-AE-73690-CFO-CF','','',27035736),
	(339,2321702,'CBLFOOPGW12BLM-73620-YXECNC082','PE-T153-LT-M23-AE-73620-CFO-CF','','',NULL),
	(340,2321703,'CBLFOOPGW12BLM-73630-PJUCNC083','PE-T153-LT-M23-AE-73630-CFO-CF','','',NULL),
	(341,2321715,'CBLFOOPGW12CE1T054-73780-MPACNC091','PE-T153-LT-M23-AE-73780-CFO-CF','','',NULL),
	(342,2321717,'CBLFOOPGW12CNC-73800-NIZCNC031','PE-T153-LT-M23-AE-73800-CFO-CF','','',27023953),
	(343,2321724,'CBLFOOPGW24BLM-73C10-PSACNC045','PE-T153-LT-M23-AE-73C10-CFO-CF','','',NULL),
	(344,2321706,'CBLFOOPGW24PJU-73660-KUKCNC084','PE-T153-LT-M23-AE-73660-CFO-CF','','',NULL),
	(345,2321698,'CBLFOOPGW36 KHN-73460-CEK ZTCNC102','PE-T153-LT-M23-AE-73460-CFO-CF','','',44080753),
	(346,2321736,'CBLFOOPGW36BLM-73C40-CE1T016CNC100','PE-T153-LT-M23-SU-73C40-CFO-CF','','',27023566),
	(347,2321699,'CBLFOOPGW36BNI-73470-NIZCNC088','PE-T153-LT-M23-AE-73470-CFO-CF','','',27023971),
	(348,2378211,'CBLFOOPGW36CE1RMY-A3Q60-CE1T355CNC104','PE-T153-LT-400-AE-A3Q60-CFO-CF','','',27023572),
	(349,2321720,'CBLFOOPGW36CE1T012-73900-CE1T052CNC048','PE-T153-LT-M23-AE-73900-CFO-CF','','',40014841),
	(350,2321730,'CBLFOOPGW36CE1T023-73R20-CE1T119CNC075','PE-T153-LT-M23-AE-73R20-CFO-CF','','',40014841),
	(351,2378215,'CBLFOOPGW36CE1T024-73R60-AUCCNC107','PE-T153-LT-M23-AE-73R50-CFO-CF','','',40014564),
	(352,2321722,'CBLFOOPGW36CE1T026-73920-CE1T023CNC074','PE-T153-LT-M23-AE-73920-CFO-CF','','',40014841),
	(353,2378217,'CBLFOOPGW36CE1T052-73900-MYKCNC108','PE-T153-LT-M23-AE-73900-CFO-CF','','',40014841),
	(354,2321721,'CBLFOOPGW36CE1T052-73910-CE1T026CNC073','PE-T153-LT-M23-AE-73910-CFO-CF','','',40014841),
	(355,2321725,'CBLFOOPGW36CE1T054-73C20-PMOCNC090','PE-T153-LT-M23-AE-73C20-CFO-CF','','',27023572),
	(356,2321718,'CBLFOOPGW36CE1T104-73840-TUMCNC071','PE-T153-LT-M23-AE-73840-CFO-CF','','',40014540),
	(357,2378213,'CBLFOOPGW36CE1T104-73R50-AKDCNC106','PE-T153-LT-M23-AE-73840-CFO-CF','','',40014540),
	(358,2321733,'CBLFOOPGW36CE1T104-73R50-CE1T024CNC072','PE-T153-LT-M23-AE-73R50-CFO-CF','','',40014564),
	(359,2321731,'CBLFOOPGW36CE1T119-73R40-PMOCNC076','PE-T153-LT-M23-AE-73R40-CFO-CF','','',NULL),
	(360,2321732,'CBLFOOPGW36CE1T119-73R40-RMYCNC077','PE-T153-LT-M23-AE-73R40-CFO-CF','','',40014841),
	(361,2321696,'CBLFOOPGW36CE1T240-A3Q60-CE1T174CNC026','PE-T153-LT-400-AE-A3Q60-CFO-CF','','',27023575),
	(362,2321697,'CBLFOOPGW36CE1T240-A3Q60-CE1T355CNC099','PE-T153-LT-400-AE-A3Q60-CFO-CF','','',27023572),
	(363,2321690,'CBLFOOPGW36CE1T355-93170-CE1T370CNC095','PE-T153-LT-230-AE-93170-CFO-CF','','',27023572),
	(364,2321694,'CBLFOOPGW36CE1T362-93190-CE1T355CNC094','PE-T153-LT-230-AE-93190-CFO-CF','','',27023572),
	(365,2321695,'CBLFOOPGW36CE1T362-93190-RMYCNC096','PE-T153-LT-230-AE-93190-CFO-CF','','',27023572),
	(366,2321689,'CBLFOOPGW36CE1T370-93170-NIZCNC027','PE-T153-LT-230-AE-93170-CFO-CF','','',27023572),
	(367,2321691,'CBLFOOPGW36CE1T370-93170-RMYCNC097','PE-T153-LT-230-AE-93170-CFO-CF','','',27023572),
	(368,2321701,'CBLFOOPGW36CEK-73600-CNCCNC086','PE-T153-LT-M23-AE-73600-CFO-CF','','',27039582),
	(369,2321700,'CBLFOOPGW36CNC-73600-AGPTECNC030','PE-T153-LT-M23-AE-73600-CFO-CF','','',27023974),
	(370,2321723,'CBLFOOPGW36CNC-73970-BNICNC087','PE-T153-LT-M23-AE-73970-CFO-CF','','',NULL),
	(371,2321693,'CBLFOOPGW36HTPCN-93190-CE1T008CNC050','PE-T153-LT-230-AE-93190-CFO-CF','','',44055414),
	(372,2378218,'CBLFOOPGW36IBR-73910-CE1T026CNC109','PE-T153-LT-M23-AE-73910-CFO-CF','','',40014841),
	(373,2321705,'CBLFOOPGW36KUK-73650-CE1KCNCNCC085','PE-T153-LT-M23-AE-73650-CFO-CF','','',NULL),
	(374,2321712,'CBLFOOPGW36NIZ-73750-NIHCNC041','PE-T153-LT-M23-AE-73750-CFO-CF','','',NULL),
	(375,2321716,'CBLFOOPGW36NIZ-73780-CE1T054CNC089','PE-T153-LT-M23-AE-73780-CFO-CF','','',27023572),
	(376,2321688,'CBLFOOPGW36NIZ-93060-BLMCNC021','PE-T153-LT-230-AE-93060-CFO-CF','','',44055429),
	(377,2321729,'CBLFOOPGW36PCN-73R10-CE1T012CNC035','PE-T153-LT-M23-AE-73R10-CFO-CF','','',40014841),
	(378,2321734,'CBLFOOPGW36PCN-73R60-CE1T024CNC018','PE-T153-LT-M23-AE-73R60-CFO-CF','','',40014540),
	(379,2321692,'CBLFOOPGW36PCN-93190-CE1T362CNC025','PE-T153-LT-230-AE-93190-CFO-CF','','',27023572),
	(380,2378220,'CBLFOOPGW36XLC-73R20-CE1T023CNC110','PE-T153-LT-M23-AE-73R20-CFO-CF','','',40014841),
	(381,2321709,'CBLFOOPGW36ZOTCNC-73680-BLMCNC023','PE-T153-LT-M23-AE-73680-CFO-CF','','',NULL),
	(382,2494022,'CBLFOOPGW48 KHN-73T60-PPH CNC0105','PE-T153-LT-M23-AE-73T60-CFO','','SIN NUMERO DE SERIE',27039588),
	(383,2494117,'CBLFOOPGW48 NIZ-73780-MPACNC0106','PE-T153-LT-M23-AE-73780-CFO-CF','','SIN NUMERO DE SERIE',27039605),
	(384,2493919,'CBLFOOPGW48CNC-73600-CEK CNC104','PE-T153-LT-M23-AE-73600-CFO-CF','','',27039582),
	(385,2321789,'CBLFOSUBMA14CE1R009-CHDCNC040','PE-T153-TA-COM-UM-CEYIK-CFO-CF','','',40035358),
	(386,2321788,'CBLFOSUBMA14CE1R012-CE1R009CNC039','PE-T153-TA-COM-UM-CEYIK-CFO-CF','','',40035358),
	(387,2531049,'CBLFOSUBT48ZOTCCOMS-ZOTCDATOSC0117','PE-T153-TA-EDI-OP-EDI10','','',27040846),
	(388,1471372,'CONMUTADOR SE BLM HICOM300 OPER01','PE-T153-SE-BLM-EA-EQCOM-CON','SIEMENS','L31999W851A',44030517),
	(389,761440,'CONMUTADOR SE CNC  DNS OPER01','DD-T153-SE-CNC-EA-EQCOM-CON','SIEMENS','S22944-X2265-A100',40013890),
	(390,750583,'CONMUTADOR SE ZTC HIPATH 4000 OPER01','PE-T153-TA-COM-OA-OFBNP-CON','SIEMENS','L3190-6Q0370A/002279',NULL),
	(391,819663,'CONSOLA   NIZ L1475A   SE NIZ','PE-T153-SE-NIZ-EA-EQCOM-VHF','MOTOROLA','740CXA0925',44031675),
	(392,819665,'CONSOLA   NIZ L1475A CEV','PE-T153-SE-NIZ-EA-EQCOM-VHF','MOTOROLA','740CXA0924',44031674),
	(393,1969733,'CONSOLA   NIZ MIP 5000 CA TA MICROONDA','PE-T153-TA-COM-RP-NIZUC-VHF','MOTOROLA','740CJK0489',40013774),
	(394,1969734,'CONSOLA   NIZ MIP 5000 CA TA MICROONDA','PE-T153-TA-COM-RP-NIZUC-VHF','MOTOROLA','740CJK0189',22131140),
	(395,819666,'CONSOLA   PCN MC2000   SE PCN','PE-T153-SE-PCN-EA-EQCOM-VHF','MOTOROLA','124CJM0124',NULL),
	(396,1472427,'CONSOLA   PCN MC2000 OFICINAS','PE-T153-SE-PCN-EA-EQCOM-VHF','MOTOROLA','124CJM0131',NULL),
	(397,1547274,'CONSOLA   PCN MIP 5000 CA TA COMS 01','PE-T153-TA-COM-RP-PEPCN-VHF','MOTOROLA','740CJK0481/4',NULL),
	(398,1547275,'CONSOLA   PCN MIP 5000 CA TA COMS 02','PE-T153-TA-COM-RP-PEPCN-VHF','MOTOROLA','74OCJK0484',NULL),
	(399,819659,'CONSOLA ZTC MC100CM LAB COMS','PE-T153-TA-COM-OA-OFBNP-VHF','MOTOROLA','192CSP2631',NULL),
	(400,1859765,'CONVER-AG PRO-FO/ETH-DIR HTGCNC-P1','PE-T153-TA-COM-CI-CIDIS-PRO','RAD','1137012147',40035362),
	(401,1878234,'CONVER-AGE COZ -FO/ETH- HTM COZ -P1','PE-T153-TA-COM-CI-CIDIS-COZ','RAD','948002142',40035131),
	(402,1526295,'CONVER-AGE PTE -FO/ETH-DIR ZDD  -P1','PE-T153-TA-COM-CI-CIDIS-PTE','BAYLI COASTCOM','8.43E+12',NULL),
	(403,1859739,'CONVER-AGETUM -FO/ETH- DIR SE TUM -P2','PE-T153-TA-COM-CI-CIDIS-TLM','TRENDNET','C21244100084',40036149),
	(404,1859752,'CONVER-AGEZHT -FO/ETH- DIR  SE CEK -P1','PE-T153-TA-COM-CI-CIDIS-AZH','RAD','1128004745',40036166),
	(405,1904366,'CONVER-AMPLIFICADOR NIZ-DIR VAD-P1','PE-T153-SE-NIZ-EA-EQCOM-FOP','MOXA','REM-0929-1999',22134521),
	(406,1859772,'CONVER-CCCEK -FO/ETH- DIR HTGCNC -P2','PE-T153-TA-COM-CI-CIDIS-R96','RAD','1128004744',40036160),
	(407,2148131,'CONVER-CEDIPCN-FO/ETH DIR HTMPCN','PE-T153-TA-COM-CI-CIDIS-ZDR','RAD','948001950',40036398),
	(408,1546923,'CONVER-COM MEX -FO/ETH-DIR HTMCOZ  -P1','PE-T153-TA-COM-CI-CIDIS-CMC','RAD','948001994',40036158),
	(409,1515615,'CONVER-CTG CHB -FO/ETH- DIR HTMCOZ  -P1','PE-T153-TA-COM-CI-CIGEN-CHB','RAD','948001434',40036185),
	(410,1515611,'CONVER-CTG CNC -FO/ETH- DIR HTGCNC  -P1','PE-T153-TA-COM-CI-CIGEN-CNC','RAD','94900754',40035354),
	(411,1859766,'CONVER-HTG CNC-FO/ETH-DIR PRO  -P1','PE-T153-TA-COM-HT-HTCNC-DAT','RAD','948001900',40035363),
	(412,1859771,'CONVER-HTGCNC -FO/ETH- DIR CCO CEK -P4','PE-T153-TA-COM-HT-HTCNC-DAT','RAD','1128004743',40036168),
	(413,1515614,'CONVER-HTGCNC -FO/ETH- DIR CTG CNC-P2','PE-T153-TA-COM-HT-HTCNC-DAT','RAD','1137012159',40035359),
	(414,1859773,'CONVER-HTGCNC -FO/ETH- DIR RES CONST-P3','PE-T153-TA-COM-HT-HTCNC-DAT','RAD','1137012159',40036161),
	(415,1547552,'CONVER-HTGCNC -FO/ETH- DIR ZDT CNC -P2','PE-T153-TA-COM-HT-HTCNC-DAT','BAYLI COASTCOM','818010787',40035348),
	(416,1859759,'CONVER-HTGCNC-FO/ETH-DIR PAM -P1','PE-T153-TA-COM-CI-CIDIS-PAM','RAD','1137012145',40035364),
	(417,1964590,'CONVER-HTGCNC-FO/ETH-DIR ZDTCNC XX','PE-T153-TA-COM-HT-HTCOZ-FOP','RAD','1343011896',40035310),
	(418,1546929,'CONVER-HTM COZ -FO/ETH-DIR COM MEX  -P1','PE-T153-TA-COM-CI-CIDIS-COZ','RAD','94900784',40036157),
	(419,1878233,'CONVER-HTMCOZ -FO/ETH- DIR AG COZ','PE-T153-TA-COM-HT-HTCOZ-FOP','RAD','1247004683',40036189),
	(420,1515616,'CONVER-HTMCOZ -FO/ETH- DIR CTG CHB -P3','PE-T153-TA-COM-HT-HTCOZ-FOP','RAD','948002133',40035299),
	(421,1859763,'CONVER-PROF CNC-FO/ETH-HTGCNC  -P1','PE-T153-TA-COM-HT-HTCNC-DAT','RAD','948002121',40036167),
	(422,1878325,'CONVER-RAD ETX-102 CHB- HTM COZ','PE-T153-TA-COM-CI-CIGEN-CHB','BAYLI COASTCOM','142896',40035323),
	(423,1842354,'CONVER-RAD ETX-102-HTMPCN/REPVAD','PE-T153-SE-PCN-HT-HSPCN-FOP','RAD','1245001804',40036188),
	(424,1859778,'CONVER-RESCONST -FO/ETH- DIR HTGCNC -P1','PE-T153-TA-COM-CI-CIDIS-R96','RAD','1137012158',40035365),
	(425,1859755,'CONVER-SE CEK-FO/ETH-DIR AGE ZHT -P1','PE-T153-TA-COM-CI-CIDIS-R96','RAD','1128004746',40036159),
	(426,2193408,'CONVER-SE NIZ-FO/E1-DIR BLM-P0','PE-T153-SE-NIZ-EA-EQCOM-FOP','BAYLI COASTCOM','H00011101-08127460142874',40035163),
	(427,2126325,'CONVER-SE NIZ-FO/ETH-DIR YMK-P1','PE-T153-SE-NIZ-EA-EQCOM-FOP','RAD','1343011878',40035173),
	(428,2049843,'CONVER-SE RMY-FO/ETH-DIR CASETA  400','PE-T153-SE-RMY-EA-EQCOM-FOP','TP-LINK','2.14E+12',NULL),
	(429,2049581,'CONVER-SE RMY-FO/ETH-DIR CASETA 115','PE-T153-SE-RMY-EA-EQCOM-FOP','TP-LINK','2.14E+12',NULL),
	(430,2049582,'CONVER-SE RMY-FO/ETH-DIR CASETA 230','PE-T153-SE-RMY-EA-EQCOM-FOP','TP-LINK','2.14E+12',NULL),
	(431,2049583,'CONVER-SE RMY-FO/ETH-DIR CASETA CTRL-P1','PE-T153-SE-RMY-EA-EQCOM-FOP','TP-LINK','2.14E+12',NULL),
	(432,2049846,'CONVER-SE RMY-FO/ETH-DIR CASETA CTRL-P2','PE-T153-SE-RMY-EA-EQCOM-FOP','TP-LINK','2.14E+12',NULL),
	(433,2049845,'CONVER-SE RMY-FO/ETH-DIR CASETA CTRL-P3','PE-T153-SE-RMY-EA-EQCOM-FOP','TP-LINK','2.14E+12',NULL),
	(434,1859735,'CONVER-SE TUM -FO/ETH- DIR AGETUM -P1','PE-T153-TA-COM-CI-CIDIS-STU','TRENDNET','C21334100023',40035134),
	(435,2126327,'CONVER-YIK -FO/ETH- DIR SE NIZ  -P1','PE-T153-TA-COM-CI-CIGEN-YIK','RAD','1343011959',40034711),
	(436,1526294,'CONVER-ZDD -FO/ETH- DIR AGE PTE -P1','PE-T153-TA-COM-CI-CIDIS-ZDC','BAYLI COASTCOM','8.43E+12',NULL),
	(437,1515507,'CONVER-ZDT -FO/ETH- DIR HTGCNC -P1','PE-T153-TA-EDI-OP-EDI05','RAD','',NULL),
	(438,1547562,'CONVER-ZDT -FO/ETH- DIR HTGCNC -P2','PE-T153-TA-EDI-OP-EDI05','BAYLI COASTCOM','818010786',40035328),
	(439,1957608,'CONVMED-ONE DATA-HTMPCN/C15 SE PCN','PE-T153-SE-PCN-EA-EQCOM-DAT','ONE DATA','4.18E+11',NULL),
	(440,1957607,'CONVMED-TRENDNET-C15 SE PCN/CTA VHF PCN','PE-T153-SE-PCN-EA-EQCOM-DAT','TRENDNET','C210361T00285',NULL),
	(441,1957606,'CONVMED-TRENDNET-C15 SE PCN/PCN AT4','PE-T153-SE-PCN-EA-EQCOM-DAT','TRENDNET','C210191T00287',NULL),
	(442,1957604,'CONVMED-TRENDNET-PCN AT4/C15 SE PCN 1','PE-T153-SE-PCN-EA-EQCOM-DAT','TRENDNET','C210251T00053',NULL),
	(443,1236842,'CONVMED-TRENDNET-PCN AT4/C15 SE PCN 2','PE-T153-TA-COM-OA-OFCOO-DAT','TRENDNET','',NULL),
	(444,2241624,'DISTRIBUIDOR ”PTICO HAA-HBK','PE-T153-SE-HAA-EA-EQCOM-FOP','','',40014833),
	(445,2241627,'DISTRIBUIDOR ”PTICO HAA-NIH','PE-T153-SE-HAA-EA-EQCOM-FOP','','',40014834),
	(446,2241757,'DISTRIBUIDOR ”PTICO HBK-HAA','PE-T153-SE-HBK-EA-EQCOM-FOP','','',40014836),
	(447,2241754,'DISTRIBUIDOR ”PTICO HBK-KAB','PE-T153-SE-HBK-EA-EQCOM-FOP','','',40014835),
	(448,2242109,'DISTRIBUIDOR ”PTICO KAB-HBK','PE-T153-SE-KAB-EA-EQCOM-FOP','','',40014850),
	(449,2242106,'DISTRIBUIDOR ”PTICO KAB-PKP','PE-T153-SE-KAB-EA-EQCOM-FOP','','',40014849),
	(450,2242269,'DISTRIBUIDOR ”PTICO KUK-PJU','PE-T153-SE-KUK-EA-EQCOM-FOP','','',40014853),
	(451,2242432,'DISTRIBUIDOR ”PTICO MPA-NIZ-PMO','PE-T153-SE-MPA-EA-EQCOM-FOP','','',40014857),
	(452,2242731,'DISTRIBUIDOR ”PTICO NCT-PKP','PE-T153-SE-NCT-EA-EQCOM-FOP','','',40014862),
	(453,2242877,'DISTRIBUIDOR ”PTICO NIH-HAA','PE-T153-SE-NIH-EA-EQCOM-FOP','','',40014863),
	(454,2242879,'DISTRIBUIDOR ”PTICO NIH-NIZ','PE-T153-SE-NIH-EA-EQCOM-FOP','','',40014864),
	(455,2243058,'DISTRIBUIDOR ”PTICO PJU-BLM','PE-T153-SE-PJU-EA-EQCOM-FOP','','',40014868),
	(456,2243056,'DISTRIBUIDOR ”PTICO PJU-KUK','PE-T153-SE-PJU-EA-EQCOM-FOP','','',40014867),
	(457,2243307,'DISTRIBUIDOR ”PTICO PKP- BLM','PE-T153-SE-PKP-EA-EQCOM-FOP','','',NULL),
	(458,2244182,'DISTRIBUIDOR ”PTICO PKP- BLM3','PE-T153-SE-ZNE-EA-EQCOM-FOP','','',NULL),
	(459,2243302,'DISTRIBUIDOR ”PTICO PKP-KAB 1','PE-T153-SE-PKP-EA-EQCOM-FOP','','',40014869),
	(460,2243305,'DISTRIBUIDOR ”PTICO PKP-KAB 2','PE-T153-SE-PKP-EA-EQCOM-FOP','','',NULL),
	(461,2243603,'DISTRIBUIDOR ”PTICO PMO-NIZ-MPA','PE-T153-SE-PMO-EA-EQCOM-FOP','','',NULL),
	(462,2243606,'DISTRIBUIDOR ”PTICO PMO-PCN-XCA','PE-T153-SE-PMO-EA-EQCOM-FOP','','',NULL),
	(463,2243751,'DISTRIBUIDOR ”PTICO PMU-PSA','PE-T153-SE-PMU-EA-EQCOM-FOP','','',40014873),
	(464,2243879,'DISTRIBUIDOR ”PTICO PSA-BLM 1','PE-T153-SE-PSA-EA-EQCOM-FOP','','',40014875),
	(465,2243882,'DISTRIBUIDOR ”PTICO PSA-BLM 2','PE-T153-SE-PSA-EA-EQCOM-FOP','','',NULL),
	(466,2243877,'DISTRIBUIDOR ”PTICO PSA-PMU','PE-T153-SE-PSA-EA-EQCOM-FOP','','',40014874),
	(467,2241905,'DISTRIBUIDOR ”PTICO S.E IBR- S.E MYK','PE-T153-SE-IBR-EA-EQCOM-FOP','','',40014845),
	(468,2242629,'DISTRIBUIDOR ”PTICO S.E MYK-S.E IBR','PE-T153-SE-MYK-EA-EQCOM-FOP','','',40014861),
	(469,2243494,'DISTRIBUIDOR ”PTICO S.E PCN-S.E PLY 1','PE-T153-SE-PLY-EA-EQCOM-FOP','','',40014870),
	(470,2243496,'DISTRIBUIDOR ”PTICO S.E PCN-S.E PLY 2','PE-T153-SE-PLY-EA-EQCOM-FOP','','',40014871),
	(471,2243998,'DISTRIBUIDOR ”PTICO S.E XLC- S.E IBR','PE-T153-SE-XLC-EA-EQCOM-FOP','','',40014880),
	(472,2244001,'DISTRIBUIDOR ”PTICO S.E XLC- S.E PMO','PE-T153-SE-XLC-EA-EQCOM-FOP','','',40014881),
	(473,2241902,'DISTRIBUIDOR ”PTICO SE. IBR- S.E XLC','PE-T153-SE-IBR-EA-EQCOM-FOP','','',40014846),
	(474,2244093,'DISTRIBUIDOR ”PTICO YXE-BLM','PE-T153-SE-YXE-EA-EQCOM-FOP','','',40014882),
	(475,1546748,'DUPLEXER-SE TUM-H31900014-1-CASETA','PE-T153-TA-COM-RP-SETUM','MOTOROLA','H31900014-1',40014360),
	(476,2024869,'EMP SE BLM MED BAT MIDT CELLGRD 01','PE-T153-SE-BLM-EA-CCAYD-SPD-BB','MIDTRONICS','514124459',22134924),
	(477,2024870,'EMP SE BLM MED BAT MIDT CELLGRD 02','PE-T153-SE-BLM-EA-CCAYD-SPD-BB','MIDTRONICS','614120440',22134987),
	(478,2056576,'EMP SE CNC MED BAT MIDT CELLGRD 01','DD-T153-SE-CNC-EA-CCAYD-SPD-BB','MIDTRONICS','614120399',NULL),
	(479,2042409,'EMP SE PCN MED BAT MIDT CELLGRD 01','PE-T153-SE-PCN-EA-CCAYD-SPD-BB','MIDTRONICS','614120405',22135024),
	(480,1269730,'EMP SECTRMY EMPALM FITE S177A 04','PE-T153-TA-EDI-OP-EDI05','FITEL','1332',40035873),
	(481,1269727,'EMP SECTRMY GEN OPT SIEM K2701 02','PE-T153-TA-EDI-OP-EDI05','SIEMENS','CB0029',40035013),
	(482,1269709,'EMP SECTRMY MED OPT SIEM K2505 01','PE-T153-TA-EDI-OP-EDI05','SIEMENS','BA0663',40035012),
	(483,1269728,'EMP SECTRMY OTDR WAVE MTS5200 03','PE-T153-TA-EDI-OP-EDI05','WAVETEK','788',40035014),
	(484,2123405,'EMP-SECRMY-REFLECTOMETRO-JDSU-MTS2000-05','PE-T153-TA-EDI-OP-EDI05','JDSU','23634',40034700),
	(485,2123419,'EMP-SECTRMY-ATENUA -JDSU-OLA55M','PE-T153-TA-EDI-OP-EDI05','JDSU','AA-0118',40034704),
	(486,2123396,'EMP-SECTRMY-GEN OPT-JDSU-OLS 85-0565','PE-T153-TA-EDI-OP-EDI05','JDSU','C-0259',40034703),
	(487,2123395,'EMP-SECTRMY-MED OPT-JDSU-OLS 82-0564','PE-T153-TA-EDI-OP-EDI05','JDSU','J1315S-8880-0015',40034703),
	(488,2193421,'EMP-SECTRMY-MEDTIER-MEGGER-DET14C-01','PE-T153-TA-EDI-OP-EDI05','MEGGER','101456510',40034698),
	(489,2193417,'EMP-SECTRMY-MICROSC-EXFO-MAXFIP-06','PE-T153-TA-EDI-OP-EDI05','EXFO','882403',40034697),
	(490,2123416,'EMP-ZTC-ATENUA -JDSU-OLA55M','PE-T153-TA-EDI-OP-EDI05','JDSU','AA-0112',40034703),
	(491,2123407,'EMP-ZTC-EMPALMADORA-CONWAY-C9-0568','PE-T153-TA-EDI-OP-EDI05','COMWAY','10409202787',NULL),
	(492,2193414,'EMP-ZTC-EMPALMADORAPCN-CONWAY-C9-0568','PE-T153-TA-EDI-OP-EDI05','COMWAY','10408202684',40034695),
	(493,2123404,'EMP-ZTC-GEN OPT-JDSU-OPL 85-0562','PE-T153-TA-EDI-OP-EDI05','JDSU','C-0263',40034704),
	(494,2123403,'EMP-ZTC-MED OPT-JDSU-OPL 82-0561','PE-T153-TA-EDI-OP-EDI05','JDSU','J1315S-8880-0012',40034704),
	(495,2123406,'EMP-ZTC-MED RED-JDSU-20PM','PE-T153-TA-EDI-OP-EDI05','JDSU','9248',NULL),
	(496,2489682,'EMP-ZTC-MEDIDOR  P/SIST OPLAT 5Hz 5MHz','PE-T153-TA-EDI-OP-EDI05','POWERCOMM SOLUTIONS','343-06359',33027546),
	(497,2193420,'EMP-ZTC-MEDTIER-MEGGER-DET14C-01','PE-T153-TA-EDI-OP-EDI05','MEGGER','101456509',40034698),
	(498,2123435,'EMP-ZTC-MICROSC-EXFO-MAXFIP-05','PE-T153-TA-EDI-OP-EDI05','EXFO','850945',NULL),
	(499,2193416,'EMP-ZTC-MICROSC-EXFO-MAXFIP-06','PE-T153-TA-EDI-OP-EDI05','EXFO','882421',40034696),
	(500,1952693,'ETO  HT COZ MPLS-TP 1200 01 PM_1952693','PE-T153-TA-COM-HT-HTCOZ-FOP','ECI TELECOM','35743576',40036162),
	(501,1952734,'ETO CI AGETUM MPLS-TP NTP1020 01','PE-T153-TA-COM-CI-CIDIS-TLM','ECI TELECOM','5502216905',40036175),
	(502,2339417,'ETO CI CCD CNC MPLS-TP 1020 01','PE-T153-SE-KEK-EA-EQCOM-DAT','ECI TELECOM','6700386722',44080234),
	(503,2010310,'ETO CI CTGCNC MPLS-TP NTP1020 01','PE-T153-TA-COM-CI-CIGEN-CNC','ECI TELECOM','35759204',40036177),
	(504,2010798,'ETO CI CTGNIZ MPLS-TP NTP1020 01','PE-T153-TA-COM-CI-CIGEN-NIZ','ECI TELECOM','35744281',40036403),
	(505,1952736,'ETO CI ZDDRMY MPLS-TP NTP1020 01','PE-T153-TA-COM-CI-CIDIS-ZDR','ECI TELECOM','5502216781',40036474),
	(506,2010800,'ETO COMNIZ MPLS-TP NTP1020 09','PE-T153-SE-NIZ-EA-EQCOM-FOP','ECI TELECOM','35744290',40036513),
	(507,1855761,'ETO HT CNC DWDM NUWAVE 05','PE-T153-TA-COM-HT-HTCNC-MUX','XTERA','8TXS00370',40035608),
	(508,1952685,'ETO HT CNC MPLS-TP NTP1200 02','PE-T153-TA-COM-HT-HTCNC-FOP','ECI TELECOM','35743539',40035368),
	(509,1952732,'ETO HT PCN MPLS-TP NPT1200 02','PE-T153-SE-PCN-HT-HSPCN-FOP','ECI TELECOM','35743590',40035137),
	(510,2242444,'ETO MPA SDH FOX515 01','PE-T153-SE-MPA-EA-EQCOM-MUX','','',40014858),
	(511,2553025,'ETO MPA SDH FOX615 01','PE-T153-SE-MPA-EA-EQCOM-MUX','ABB','',NULL),
	(512,2553028,'ETO NIZ SDH FOX615 01','PE-T153-SE-NIZ-EA-EQCOM-FOP','ABB','2130119466',NULL),
	(513,2553029,'ETO PCN SDH FOX615 01','PE-T153-SE-PCN-EA-EQCOM-FOP','ABB','2130119466',NULL),
	(514,1952695,'ETO SE BLM MPLS-TP 1020 03','PE-T153-SE-BLM-EA-EQCOM-FOP','ECI TELECOM','5502216792',40035149),
	(515,767165,'ETO SE BLM SDH FOX515 01','PE-T153-SE-BLM-EA-EQCOM-FOP','ABB','HE400827',44055406),
	(516,767216,'ETO SE CNC SDH FOX515 01','DD-T153-SE-CNC-EA-EQCOM-FOP','ABB','HE535626',NULL),
	(517,1167801,'ETO SE CNC SDH FOX515 02','DD-T153-SE-CNC-EA-EQCOM-FOP','ABB','HE506575',NULL),
	(518,2339415,'ETO SE KEK MPLS-TP 1020 01','PE-T153-SE-KEK-EA-EQCOM-DAT','ECI TELECOM','6700393972',44080078),
	(519,1952696,'ETO SE NIZ MPLS-TP NTP1200 08','PE-T153-SE-NIZ-EA-EQCOM-FOP','ECI TELECOM','35743534',40035165),
	(520,2552200,'ETO SE NIZ MPLS-TP OTN XTRAN','PE-T153-SE-NIZ-EA-EQCOM-FOP','OTN','',NULL),
	(521,1167806,'ETO SE NIZ SDH FOX515 02 NIZ-CNC-BNI','PE-T153-SE-NIZ-EA-EQCOM-FOP','ABB','HE506579',44055423),
	(522,1167879,'ETO SE NIZ SDH FOX515 03 NIZ-RMY','PE-T153-SE-NIZ-EA-EQCOM-FOP','ABB','HE507671',40014362),
	(523,1514372,'ETO SE NIZ SDH FOX515 05 MPA','PE-T153-SE-NIZ-EA-EQCOM-FOP','ABB','HE521368',44055424),
	(524,1514373,'ETO SE NIZ SDH FOX515 06 PMO','PE-T153-SE-NIZ-EA-EQCOM-FOP','ABB','HE521619',44055425),
	(525,2050861,'ETO SE NIZ SDH FOX515 10','PE-T153-SE-NIZ-EA-EQCOM-FOP','ABB','HE950676',40014686),
	(526,1952733,'ETO SE PCN MPLS-TP NTP1020 03','PE-T153-SE-PCN-EA-EQCOM-FOP','ECI TELECOM','5502216860',40036487),
	(527,767244,'ETO SE PCN SDH FOX515 01','PE-T153-SE-PCN-EA-EQCOM-FOP','ABB','HE507678',40014650),
	(528,1167644,'ETO SE PCN SDH FOX515 02','PE-T153-SE-PCN-EA-EQCOM-FOP','ABB','HE507677',40014352),
	(529,1855762,'ETO SE RMY DWDM NUWAVE 04','PE-T153-SE-RMY-EA-EQCOM-FOP','XTERA','8AMS00120',40035606),
	(530,2140781,'ETO SE RMY MPLS-TP NTP1200 04','PE-T153-SE-RMY-EA-EQCOM-FOP','ECI','6700267511',40035216),
	(531,2049498,'ETO SE RMY SDH FOX515 01','PE-T153-SE-RMY-EA-EQCOM-MUX','ABB','950608',40013913),
	(532,2049511,'ETO SE RMY SDH FOX515 02','PE-T153-SE-RMY-EA-EQCOM-MUX','ABB','950616',40013913),
	(533,2049512,'ETO SE RMY SDH FOX515 03','PE-T153-SE-RMY-EA-EQCOM-MUX','ABB','950609',40013913),
	(534,2552193,'ETO SE TIN MPLS-TP OTN XTRAN','PE-T153-SE-TIN-EA-EQCOM-FOP','OTN','',NULL),
	(535,2011047,'ETO SE TUM MPLS-TP NTP1020 01','PE-T153-TA-COM-CI-CIDIS-STU','ECI TELECOM','35744325',40036152),
	(536,1952697,'ETO ZOTC MPLS-TP NTP1200 03','PE-T153-TA-COM-OA-SUBAC-FOP','ECI TELECOM','35743564',40035334),
	(537,767159,'ETO ZOTC SDH FOX515 01','PE-T153-TA-COM-OA-SUBAC-FOP','ABB','HE391113',NULL),
	(538,1677942,'ETP-BLM-NSD570-BLM-93050-VAD','PE-T153-SE-BLM-EA-EQCOM-FOP','ABB','HE552384',49004381),
	(539,2125520,'ETP-BLM-SWT3000-BLM-93050-VAD-OP','PE-T153-SE-BLM-EA-EQCOM-FOP','SIEMENS','BF1411500070',40014739),
	(540,767508,'ETP-BLM-TPD-1-BLM-93050-VAD-FO','PE-T153-SE-BLM-EA-EQCOM-FOP','DIMAT','244',44030519),
	(541,2357878,'ETP-KHN-SWT3000 KHN-73T60-TZM-OP','PE-T153-SE-KHN-EA-EQCOM-OPL','SIEMENS','',44080723),
	(542,2552201,'ETP-NIZ-GRIDCOM -NIZ-73480-TIN-FO','PE-T153-SE-NIZ-EA-EQCOM-FOP','GE','FR-LUD6120420036',NULL),
	(543,1546739,'ETP-NIZ-NSD570 -NIZ-RESERVA-FO','PE-T153-SE-NIZ-EA-EQCOM-FOP','ABB','HE536146',40014280),
	(544,1546740,'ETP-NIZ-NSD570 NIZ-93060-BLM-FO','PE-T153-SE-NIZ-EA-EQCOM-FOP','ABB','HE520466',40014281),
	(545,1167872,'ETP-NIZ-NSD570-NIZ-93040-RMY-FO','PE-T153-SE-NIZ-EA-EQCOM-FOP','ABB','HE507675',40014282),
	(546,1942272,'ETP-NIZ-NSD570-NIZ-93070VAD-FO','PE-T153-SE-NIZ-EA-EQCOM-FOP','ABB','HE556073',40014553),
	(547,1167815,'ETP-NIZ-NSD570-NIZ-93170VAD-FO','PE-T153-SE-NIZ-EA-EQCOM-FOP','ABB','HE507674',40014283),
	(548,2125565,'ETP-NIZ-SWT3000 NIZ-93070-VAD-OP','PE-T153-SE-NIZ-EA-EQCOM-FOP','SIEMENS','BF1305507229',40014763),
	(549,2050263,'ETP-NIZ-SWT3000- PCN-93180-RMY-OP','PE-T153-SE-PCN-BL-93180-OPL','SIEMENS','BF1310517826',44029528),
	(550,2494821,'ETP-NIZ-SWT3000-MPA-73780-NIZ DIG','PE-T153-SE-MPA-EA-EQCOM-OPL','SIEMENS','',40086300),
	(551,2553143,'ETP-NIZ-SWT3000-MPA-73780-NIZ DIG','PE-T153-SE-MPA-EA-EQCOM-OPL','SIEMENS','BF2009502701',40094292),
	(552,2494819,'ETP-NIZ-SWT3000-NIZ-73480-CEX OP','PE-T153-SE-NIZ-EA-EQCOM-OPL','SIEMENS','',40086302),
	(553,2494820,'ETP-NIZ-SWT3000-NIZ-73780-MPA OP','PE-T153-SE-NIZ-EA-EQCOM-OPL','SIEMENS','',40086301),
	(554,2050860,'ETP-NIZ-SWT3000-NIZ-93040-RMY-OP','PE-T153-SE-NIZ-BL-93040-OPL','SIEMENS','BF1310517830',22318300),
	(555,2049157,'ETP-NIZ-SWT3000-NIZ-93170-RMY-OP','PE-T153-SE-NIZ-BL-93170-OPL','SIEMENS','BF1310517829',22318299),
	(556,1167881,'ETP-PCN-NSD570-PCN-93180-RMY-OP','PE-T153-SE-PCN-EA-EQCOM-FOP','ABB','HE507681',44029525),
	(557,1167689,'ETP-PCN-NSD570-PCN-93190-VAD-OP','PE-T153-SE-PCN-EA-EQCOM-FOP','ABB','HE507680',44029523),
	(558,2050262,'ETP-PCN-SWT3000-PCN-93190-RMY-OP','PE-T153-SE-PCN-BL-93190-OPL','SIEMENS','BF1310517827',44029527),
	(559,1195755,'ETP-PCN-TPD-RESERVA','PE-T153-SE-PCN-EA-EQCOM-FOP','DIMAT','242',44029526),
	(560,2553166,'ETP-PMO-SWT3000-NIZ-73C20-NIZ DIG','PE-T153-SE-PMO-EA-EQCOM-FOP','SIEMENS','BF2009502731',40094294),
	(561,2553144,'ETP-PMO-SWT3000-PMO-73780-MPA DIG','PE-T153-SE-NIZ-EA-EQCOM-FOP','SIEMENS','BF2009503064',40094293),
	(562,1547265,'ETP-RMY-NSD570 -RESERVA-FO','PE-T153-SE-PCN-EA-EQCOM-FOP','ABB','HE536145',44029526),
	(563,2049516,'ETP-RMY-NSD570 -RMY-93040-NIZ-FO','PE-T153-SE-RMY-EA-EQCOM-FOP','ABB','HE564858',40013917),
	(564,2049520,'ETP-RMY-NSD570 -RMY-93170-NIZ-FO','PE-T153-SE-RMY-EA-EQCOM-FOP','ABB','HE564859',40013913),
	(565,2049514,'ETP-RMY-NSD570 -RMY-93180-PCN-FO','PE-T153-SE-RMY-EA-EQCOM-FOP','ABB','HE564856',40013915),
	(566,2049515,'ETP-RMY-NSD570 -RMY-93190-PCN-FO','PE-T153-SE-RMY-EA-EQCOM-FOP','ABB','HE564857',40013916),
	(567,2049524,'ETP-RMY-NSD570 -RMY-A3Q60-DZT-FO','PE-T153-SE-RMY-EA-EQCOM-FOP','ABB','HE564854',40013913),
	(568,2049526,'ETP-RMY-NSD570 -RMY-A3Q70-DZT-FO','PE-T153-SE-RMY-EA-EQCOM-FOP','ABB','HE564855',40013914),
	(569,2049572,'ETP-RMY-SWT3000-RMY-93040-NIZ-OP','PE-T153-SE-RMY-EA-EQCOM-OPL','SIEMENS','BF1310517825',22135167),
	(570,2049573,'ETP-RMY-SWT3000-RMY-93170-NIZ-OP','PE-T153-SE-RMY-EA-EQCOM-OPL','SIEMENS','BF1310520753',22135165),
	(571,2049575,'ETP-RMY-SWT3000-RMY-93180-PCN-OP','PE-T153-SE-RMY-EA-EQCOM-OPL','SIEMENS','BF1310520751',22135171),
	(572,2049574,'ETP-RMY-SWT3000-RMY-93190-PCN-OP','PE-T153-SE-RMY-EA-EQCOM-OPL','SIEMENS','BF1310520752',22135169),
	(573,2049578,'ETP-RMY-SWT3000-RMY-A3Q60-DZT-OP','PE-T153-SE-RMY-EA-EQCOM-OPL','SIEMENS','BF1310520749',22133572),
	(574,2049577,'ETP-RMY-SWT3000-RMY-A3Q70-DZT-OP','PE-T153-SE-RMY-EA-EQCOM-OPL','SIEMENS','BF1310520750',22133576),
	(575,2552202,'ETP-SENIZ-E-TERRAGRICOM-NIZ-73480-TIN-OP','PE-T153-SE-NIZ-EA-EQCOM-OPL','GENERAL ELECTRIC','FR-LUD612035008',NULL),
	(576,2552196,'ETP-SETIN-E-TERRAGRICOM-TIN-73480-NIZ-OP','PE-T153-SE-TIN-EA-EQCOM-OPL','GENERAL ELECTRIC','',NULL),
	(577,2552192,'ETP-TIN-GRIDCOM -TIN-73480-NIZ-FO','PE-T153-SE-TIN-EA-EQCOM-FOP','GE','FR-LUD6120420035',NULL),
	(578,2552191,'ETP-TIN-GRIDCOM -TIN-73C80-CEX-FO','PE-T153-SE-TIN-EA-EQCOM-FOP','GE','FR-LUD6120420037',NULL),
	(579,2050027,'FILTRO  ACOPLAMIENTO RMY B RMY-93170-NIZ','PE-T153-SE-RMY-BL-93170-OPL','SIEMENS','44178',22133580),
	(580,748480,'FILTRO ACOPLAMIENTO  BLM B BLM-93050-VAD','PE-T153-SE-BLM-BL-93050-OPL','SIEMENS','30485',40014322),
	(581,748479,'FILTRO ACOPLAMIENTO BLM A BLM-93050-VAD','PE-T153-SE-BLM-BL-93050-OPL','SIEMENS','30500',40014324),
	(582,748507,'FILTRO ACOPLAMIENTO BLM A BLM-93060-NIZ','PE-T153-SE-BLM-BL-93060-OPL','SIEMENS','30472',40014001),
	(583,748508,'FILTRO ACOPLAMIENTO BLM B BLM-93060-NIZ','PE-T153-SE-BLM-BL-93060-OPL','SIEMENS','30492',40014323),
	(584,749483,'FILTRO ACOPLAMIENTO NIZ A NIZ-73480-CEX','PE-T153-SE-NIZ-BM-73480-OPL','SIEMENS','AL/R21863',40014268),
	(585,1195597,'FILTRO ACOPLAMIENTO NIZ A NIZ-93040-RMY','PE-T153-SE-NIZ-BL-93040-OPL','SIEMENS','30331',40014259),
	(586,749481,'FILTRO ACOPLAMIENTO NIZ B NIZ-73480-CEX','PE-T153-SE-NIZ-BM-73480-OPL','SIEMENS','AL/R22020',40014269),
	(587,1195595,'FILTRO ACOPLAMIENTO NIZ B NIZ-93040-RMY','PE-T153-SE-NIZ-BL-93040-OPL','SIEMENS','30339',40014267),
	(588,749254,'FILTRO ACOPLAMIENTO NIZ B NIZ-93060-BLM','PE-T153-SE-NIZ-BL-93060-OPL','SIEMENS','22612',40014265),
	(589,749305,'FILTRO ACOPLAMIENTO NIZ B NIZ-93070-VAD','PE-T153-SE-NIZ-BL-93070-OPL','SIEMENS','22620',40014266),
	(590,749353,'FILTRO ACOPLAMIENTO NIZ B NIZ-93170-RMY','PE-T153-SE-NIZ-BL-93170-OPL','SIEMENS','32479',40014258),
	(591,749256,'FILTRO ACOPLAMIENTO NIZ C NIZ-93060-BLM','PE-T153-SE-NIZ-BL-93060-OPL','SIEMENS','23957',40014260),
	(592,749304,'FILTRO ACOPLAMIENTO NIZ C NIZ-93070-VAD','PE-T153-SE-NIZ-BL-93070-OPL','SIEMENS','30482',40014261),
	(593,749355,'FILTRO ACOPLAMIENTO NIZ C NIZ-93170-RMY','PE-T153-SE-NIZ-BL-93170-OPL','SIEMENS','32475',40014263),
	(594,1268860,'FILTRO ACOPLAMIENTO PCN B PCN-93190-RMY','PE-T153-SE-PCN-BL-93190-OPL','SIEMENS','32480',40014289),
	(595,750066,'FILTRO ACOPLAMIENTO PCN C PCN-93180-RMY','PE-T153-SE-PCN-BL-93180-OPL','SIEMENS','30332',40014286),
	(596,1196108,'FILTRO ACOPLAMIENTO PCN C PCN-93190-RMY','PE-T153-SE-PCN-BL-93190-OPL','SIEMENS','32476',40014287),
	(597,2050028,'FILTRO ACOPLAMIENTO RMY A RMY-93040-NIZ','PE-T153-SE-RMY-BL-93040-OPL','SIEMENS','43208',22135167),
	(598,2050026,'FILTRO ACOPLAMIENTO RMY A RMY-93170-NIZ','PE-T153-SE-RMY-BL-93170-OPL','SIEMENS','43211',22135165),
	(599,2050023,'FILTRO ACOPLAMIENTO RMY A RMY-93180-PCN','PE-T153-SE-RMY-BL-93180-OPL','SIEMENS','43209',22135171),
	(600,2050021,'FILTRO ACOPLAMIENTO RMY A RMY-93190-PCN','PE-T153-SE-RMY-BL-93190-OPL','SIEMENS','43213',22135169),
	(601,2050030,'FILTRO ACOPLAMIENTO RMY A RMY-A3Q60-DZT','PE-T153-SE-RMY-BL-A3Q60-OPL','SIEMENS','43210',22133572),
	(602,2050032,'FILTRO ACOPLAMIENTO RMY A RMY-A3Q70-DZT','PE-T153-SE-RMY-BL-A3Q70-OPL','SIEMENS','43212',22133576),
	(603,2050029,'FILTRO ACOPLAMIENTO RMY B RMY-93040-NIZ','PE-T153-SE-RMY-BL-93040-OPL','SIEMENS','44180',22133582),
	(604,2050024,'FILTRO ACOPLAMIENTO RMY B RMY-93180-PCN','PE-T153-SE-RMY-BL-93180-OPL','SIEMENS','44176',22133586),
	(605,2050022,'FILTRO ACOPLAMIENTO RMY B RMY-93190-PCN','PE-T153-SE-RMY-BL-93190-OPL','SIEMENS','44175',22133584),
	(606,2050031,'FILTRO ACOPLAMIENTO RMY B RMY-A3Q60-DZT','PE-T153-SE-RMY-BL-A3Q60-OPL','SIEMENS','44179',22133574),
	(607,2050033,'FILTRO ACOPLAMIENTO RMY B RMY-A3Q70-DZT','PE-T153-SE-RMY-BL-A3Q70-OPL','SIEMENS','44177',22133578),
	(608,1195730,'FILTROACOPLAMIENTO PCN B PCN-93180-RMY','PE-T153-SE-PCN-BL-93180-OPL','SIEMENS','30340',40014288),
	(609,2294125,'GATEWAY ZOTCNC ISR4451-X SITE 01','','CISCO','FJC2136D057',NULL),
	(610,1933023,'IFR CC SE NIZ CASETA COM','PE-T153-SE-NIZ-CC-CSNIZ','TEKONEK','S/N',1000925),
	(611,1892749,'IFR HTMCOZ CASETA COM','PE-T153-TA-COM-HT-HTCOZ','TEKONET','SIN NUMERO DE SERIE',1000905),
	(612,1892751,'IFR HTMPCN CASETA COM','PE-T153-SE-PCN-HT-HSPCN','TEKONET','SIN NUMERO DE SERIE',1000900),
	(613,750649,'IFR OFNAS BNP TORRE AUTO TAC48-54M 01','PE-T153-TA-COM-OA-OFBNP-MIO','MATESA','NO INDICA',40013790),
	(614,2483428,'IFR REP VAD NVO TORRE AUTO TAC48-60M 01','PE-T153-TA-COM-RP-VADNV','matesa','',40013792),
	(615,2241925,'IFR SE IBR TORRE AUTO TAC48-42M 01','PE-T153-SE-IBR-EA-EQCOM-VHF','','',40014837),
	(616,2242447,'IFR SE MPA TORRE AUTO TAC48-45M 01','PE-T153-SE-MPA-EA-EQCOM-VHF','','',40014855),
	(617,749955,'IFR SE NIZ TORRE AUTO TAC48-60M 01','PE-T153-SE-NIZ-EA-EQCOM-MIO','TORRES Y ANTENAS','NO APLICA',40014347),
	(618,819162,'IFR SE PCN TORRE AUTO TAC48- 60M 01','PE-T153-TA-COM-RP-PEPCN-VHF','MATESA','NO INDICA',40014348),
	(619,2049584,'IFR SE RMY TORRE AUTO TAC48-15M 01','PE-T153-SE-RMY-EA-EQCOM-VHF','matesa','9,506,089,506,169,500',40013918),
	(620,1547390,'INVERSOR-HTGCNC-MEI-5KVA-01','PE-T153-TA-COM-HT-HTCNC-FZA','MEI','C-09126574',40035326),
	(621,1878027,'INVERSOR-HTGCNC-MEI-5KVA-02','PE-T153-TA-COM-HT-HTCNC-FZA','MEI','C-10129497',40034651),
	(622,1843262,'INVERSOR-HTMCOZ-MEI-5KVA-01','PE-T153-TA-COM-HT-HTCOZ-FZA','MEI','C-09126571',40034635),
	(623,1843259,'INVERSOR-HTMCOZ-MEI-5KVA-02','PE-T153-TA-COM-HT-HTCOZ-FZA','MEI','C-09126645',40035144),
	(624,1547257,'INVERSOR-HTMPCN-MEI-5KVA-01','PE-T153-SE-PCN-HT-HSPCN-FZA','MEI','C-09126643',40034655),
	(625,1843100,'INVERSOR-HTMPCN-MEI-5KVA-02','PE-T153-SE-PCN-HT-HSPCN-FZA','MEI','C-10098544',40034654),
	(626,1513786,'INVERSOR-SE BLM-AEPA2000-2KVA','PE-T153-SE-BLM-EA-EQCOM-DAT','SCHAEFER','PSW070725002551',NULL),
	(627,1878899,'INVERSOR-SE NIZ-MEI12950-5KVA','PE-T153-SE-NIZ-EA-EQCOM-FOP','MEI','C-10129500',40034639),
	(628,1547557,'IP-MPLS HTGCNC 7609S 01','PE-T153-TA-COM-HT-HTCNC-DAT','CISCO','FOX1441GJ4Q',40035628),
	(629,1548110,'IP-MPLS HTGCNC CATALYST3560X-48T-LS 02','PE-T153-TA-COM-HT-HTCNC-DAT','CISCO','FD01448K0EY',40034672),
	(630,1921994,'IP-MPLS HTGCNC ME3600X SERIES 03','PE-T153-TA-COM-HT-HTCNC-DAT','CISCO','FOC1647V3ZN',40034680),
	(631,1855765,'IP-MPLS HTMCOZ ME 3600X-24FS-M 01','PE-T153-TA-COM-HT-HTCOZ-IPM','CISCO','SFOC1632X20F',40036428),
	(632,1855766,'IP-MPLS HTMPCN ASR9010 01','PE-T153-SE-PCN-HT-HSPCN-IPM','CISCO','FOX1643GG6R',40036426),
	(633,1880180,'IP-MPLS HTMPCN ME 3600X-24FS-M 02','PE-T153-SE-PCN-HT-HSPCN-IPM','CISCO','FOC1645V2P8',40036426),
	(634,761438,'MUX SE BLM PMX2000C 01','PE-T153-SE-BLM-BL-93060-OPL','SIEMENS','8625019',40014647),
	(635,1195602,'MUX SE NIZ PMX2000C 01','PE-T153-SE-NIZ-BL-93060-OPL','SIEMENS','8625025',40014648),
	(636,1957546,'ODF  HTCNC 36_FC FRONTERA 01','PE-T153-TA-COM-HT-HTCNC-FOP','ADC','SIN NUMERO',40035994),
	(637,1547531,'ODF  HTCNC 36_FC FRONTERA 02','PE-T153-TA-COM-HT-HTCNC-FOP','ADC','SIN NUMERO DE SERIE',40034669),
	(638,1933380,'ODF  HTCNC 36_FC FRONTERA 08','PE-T153-TA-COM-HT-HTCNC-FOP','MEXFO','NA',40034669),
	(639,1547567,'ODF  HTCNC 36_FC HTCNC/ALECNC 03','PE-T153-TA-COM-HT-HTCNC-FOP','SIN MARCA','SIN NUMERO DE SERIE',40035993),
	(640,1957683,'ODF  HTCNC 36_FC HTCNC/BNP 04','PE-T153-TA-COM-HT-HTCNC-FOP','SIN MARCA','SIN NUMERO',40034690),
	(641,1957547,'ODF  HTCNC 36_FC HTCNC/MODPAM 05','PE-T153-TA-COM-HT-HTCNC-FOP','SIN MARCA','SIN NUMERO',40035356),
	(642,1957682,'ODF  HTCNC 36_FC HTCNC/SCJCNC 07','PE-T153-TA-COM-HT-HTCNC-FOP','SIN MARCA','SIN NUMERO',40035640),
	(643,1547533,'ODF  HTCNC 36_FC HTCNC/SECNC 06','PE-T153-TA-COM-HT-HTCNC-FOP','SIN MARCA','SIN NUMERO DE SERIE',40035640),
	(644,1515042,'ODF  HTCNC 36_FC HTCNC/ZDTCNC 09','PE-T153-TA-COM-HT-HTCNC-FOP','SIN MARCA','SIN NUMERO DE SERIE',40036013),
	(645,1957684,'ODF  HTCNC 36_FC HTCNC/ZDTCNC 10','PE-T153-TA-COM-HT-HTCNC-FOP','SIN MARCA','SIN NUMERO',40035994),
	(646,1859750,'ODF AG ZHT 12_FC AGZHT/SEHBK 01','PE-T153-TA-COM-CI-CIDIS-AZH','BLACKBOX','SIN NUMERO DE SERIE',40035995),
	(647,1515624,'ODF AGPCN 12_FC AGPCN/HTPCN 01','PE-T153-TA-COM-CI-CIDIS-PCN','AFL','SIN NUMERO DE SERIE',40036173),
	(648,1969197,'ODF CCOCEK 36_SC CJFCNC/HTCNC','PE-T153-TA-COM-CI-CIDIS-R96','AFL','NO TIENE',40036005),
	(649,2195453,'ODF CCONIZ 36_FC CCONIZ/NIZ 09','PE-T153-SE-NIZ-CC-CSNIZ-FOP','FIBERTECKNOLOGY','SIN NUMERO DE SERIE',40056053),
	(650,2195457,'ODF CCONIZ 36_FC CCONIZ/NIZ 09','PE-T153-SE-NIZ-CC-CSNIZ-FOP','FIS','',40034630),
	(651,2195447,'ODF CONS-CNC 12_FC CONS/HTGCNC','PE-T153-TA-COM-CI-CICON-CNC','SAMJIN','',40034629),
	(652,2103789,'ODF CTGCHB 36_FC CTGCHB/CHB 01','PE-T153-TA-COM-CI-CIGEN-CHB','ADC','SIN NUMERO DE SERIE',40036031),
	(653,2103790,'ODF CTGCHB 36_FC CTGCHB/CHS 02','PE-T153-TA-COM-CI-CIGEN-CHB','ADC','SIN NUMERO DE SERIE',40036032),
	(654,1515613,'ODF CTGNIZ 36_FC CTGNIZ/SENIZ 01','PE-T153-TA-COM-CI-CIGEN-NIZ','SIN MARCA','SIN NUMERO DE SERIE',40034638),
	(655,2049835,'ODF GISRMY 36_FC GIS115RMY/RMY 06','PE-T153-SE-RMY-EA-EQCOM-FOP','BLACKBOX','SIN NUMERO DE SERIE',40013911),
	(656,2049836,'ODF GISRMY 36_FC GIS230RMY/RMY 07','PE-T153-SE-RMY-EA-EQCOM-FOP','BLACKBOX','SIN NUMERO DE SERIE',40013911),
	(657,2049838,'ODF GISRMY 36_FC GIS400RMY/RMY 08','PE-T153-SE-RMY-EA-EQCOM-FOP','BLACKBOX','SIN NUMERO DE SERIE',40013911),
	(658,1966311,'ODF HTCOZ 36_FC FRONTERA 02','PE-T153-TA-COM-HT-HTCOZ-FOP','Fiber Teknology','SIN NUMERO DE SERIE',40035520),
	(659,1515357,'ODF HTCOZ 36_FC HTCOZ/SECHS 01','PE-T153-TA-COM-HT-HTCOZ-FOP','BLACKBOX','SIN NUMERO DE SERIE',40035750),
	(660,2103676,'ODF HTCOZ 36_LC HTCOZ/FRONTERA 01','PE-T153-TA-COM-HT-HTCOZ-FOP','BLACKBOX','SIN NUMERO DE SERIE',40034691),
	(661,1547258,'ODF HTPCN 36_FC FRONTERA 03','PE-T153-SE-PCN-HT-HSPCN-FOP','ADC','SIN NUMERO DE SERIE',40035749),
	(662,1933024,'ODF HTPCN 36_FC FRONTERA 04','PE-T153-SE-PCN-HT-HSPCN-FOP','Fiber Teknology','N/A',40035357),
	(663,1933025,'ODF HTPCN 36_FC FRONTERA 05','PE-T153-SE-PCN-HT-HSPCN-FOP','Fiber Teknology','SIN NUMERO DE SERIE',40034683),
	(664,1515370,'ODF HTPCN 36_FC HTPCN/AGPCN 02','PE-T153-SE-PCN-HT-HSPCN-FOP','ADC','SIN NUMERO DE SERIE',40034684),
	(665,2011035,'ODF HTPCN 36_FC HTPCN/SEPCN 06','PE-T153-SE-PCN-HT-HSPCN-FOP','Fiber Teknology','SIN NUMERO DE SERIE',40036026),
	(666,2494127,'ODF HTPCN 48_SC/LC MPA-73780-NIZ','PE-T153-SE-MPA-EI-CASET','','SIN NUMERO DE SERIE',40083540),
	(667,1546774,'ODF OP CNC 18_FC OPCNC/CTGCNC 01','PE-T153-SE-CNC-EA-EQCOM-FOP','FIBERTECKNOLOGY','SIN NUMERO DE SERIE',NULL),
	(668,1515060,'ODF OP CNC 24_FC OPCNC/SECNC 06','PE-T153-SE-CNC-EA-EQCOM-FOP','FIS','SIN NUMERO DE SERIE',40034661),
	(669,1515059,'ODF OP CNC 36_FC OPCNC/CEK 08','PE-T153-SE-CNC-EA-EQCOM-FOP','SIN MARCA','SIN NUMERO DE SERIE',40034662),
	(670,1546776,'ODF OP CNC 36_FC OPCNC/NIZ/BNP 09','PE-T153-SE-CNC-EA-EQCOM-FOP','US FIBER OPTICS','SIN NUMERO DE SERIE',NULL),
	(671,1515062,'ODF OP CNC 36_FC OPCNC/SEBNI 10','PE-T153-SE-CNC-EA-EQCOM-FOP','SIN MARCA','SIN NUMERO DE SERIE',40034660),
	(672,1515058,'ODF OP CNC 36_FC OPCNC/SECNC 04','PE-T153-SE-CNC-EA-EQCOM-FOP','FIS','SIN NUMERO DE SERIE',40034663),
	(673,1546769,'ODF OP CNC 36_FC OPCNC/SECNC 05','PE-T153-SE-CNC-EA-EQCOM-FOP','US FIBER OPTICS','SIN NUMERO DE SERIE',NULL),
	(674,2193452,'ODF OP CNC 36_SC OPCNC-HTGCNC 01','PE-T153-SE-CNC-EA-EQCOM-FOP','FIBERTECKNOLOGY','S/N',40035367),
	(675,2103760,'ODF PRE 36_LC PRE/HTCOZ 05','PE-T153-TA-COM-HT-HTCOZ-FOP','ADC','S/N',40035307),
	(676,2012629,'ODF REPVDN 36_FC REPVDN/PCN 01','PE-T153-TA-EDI-OP-EDI02','FIBERTEKNOLOGY','NO TIENE',40034738),
	(677,2103751,'ODF SCTCOZ 12_FC SCTCOZ/SECHS 04','PE-T153-TA-COM-HT-HTCOZ-FOP','ADC','SIN NUMERO DE SERIE',40035302),
	(678,2240811,'ODF SE AKD 36_FC AKD-73840-TUM 01','PE-T153-SE-AKD-EA-EQCOM-FOP','','',40014544),
	(679,2240913,'ODF SE AUC 36_FC AUC-73R60-PCN 01','PE-T153-SE-AUC-EA-EQCOM-FOP','','',40014568),
	(680,1515048,'ODF SE BLM 24_FC BLM/BNP 01 PJU/NCT','PE-T153-SE-BLM-EA-EQCOM-FOP','AFL','2759530002',40034645),
	(681,1515051,'ODF SE BLM 24_FC BLM/PMJ 02 PSA','PE-T153-SE-BLM-EA-EQCOM-FOP','LEVITON','SIN NUMERO DE SERIE',40034647),
	(682,1515043,'ODF SE BLM 36_FC BLM-93060-NIZ 03','PE-T153-SE-BLM-EA-EQCOM-FOP','SAMJIN','6100155',40034643),
	(683,1515045,'ODF SE BLM 36_FC BLM/ZDT/CNC/SAM 05','PE-T153-SE-BLM-EA-EQCOM-FOP','SAMJIN','6100161',40034646),
	(684,1515044,'ODF SE BLM 36_FC BLM/ZOTC/CNC/SAM 04','PE-T153-SE-BLM-EA-EQCOM-FOP','SAMJIN','6100144',40034644),
	(685,2240989,'ODF SE BNI 36_FC BNI-73470-NIZ 01','PE-T153-SE-BNI-EA-EQCOM-FOP','','',40014612),
	(686,2240987,'ODF SE BNI 36_FC BNI-73970-CNC 01','PE-T153-SE-BNI-EA-EQCOM-FOP','','',40014610),
	(687,2241087,'ODF SE BNP 36_FC BNP-73640-CNC 01','PE-T153-SE-BNP-EA-EQCOM-FOP','','',40014698),
	(688,2241090,'ODF SE BNP 36_FC BNP-73670-BLM 01','PE-T153-SE-BNP-EA-EQCOM-FOP','','',40014700),
	(689,2436070,'ODF SE BNP48_SC/LC BNP/NCT 03','PE-T153-SE-BNP-EA-EQCOM-FOP','','',40069516),
	(690,2241329,'ODF SE CEK 36_FC CEK-73600-CNC 01','PE-T153-SE-CEK-EA-EQCOM-FOP','','',40014816),
	(691,2241330,'ODF SE CEK 36_FC CEK-73610-CNC 01','PE-T153-SE-CEK-EA-EQCOM-FOP','','',40014818),
	(692,1859756,'ODF SE CEK 36_FC CEK/HTCNC 01','PE-T153-TA-COM-CI-CIDIS-R96','AFL','SIN NUMERO DE SERIE',40036005),
	(693,2518242,'ODF SE CEK 36_SC/LC KHN-73460-CEK','PE-T153-SE-KHN-EA-EQCOM','','',44080717),
	(694,2494009,'ODF SE CEK 48_SC/LC CEK-73600-CNC','PE-T153-SE-CEK-EI-CASET','','SIN NUMERO DE SERIE',40083528),
	(695,1515064,'ODF SE CNC 24_FC SECNC/OPCNC 07','PE-T153-SE-CNC-EA-EQCOM-FOP','FIS','SIN NUMERO DE SERIE',40034659),
	(696,1515066,'ODF SE CNC 24_SC SECNC/OPCNC 03','PE-T153-SE-CNC-EA-EQCOM-FOP','US FIBER OPTICS','SIN NUMERO DE SERIE',NULL),
	(697,1859764,'ODF SE CNC 36_FC CNC/HTCNC 11','PE-T153-TA-COM-CI-CIDIS-PRO','BLACKBOX','9030736',40035998),
	(698,1515065,'ODF SE CNC 36_FC SECNC/OPCNC 02','PE-T153-SE-CNC-EA-EQCOM-FOP','FIS','SIN NUMERO DE SERIE',40034658),
	(699,2493948,'ODF SE CNC 48_SC/LC CNC-73600-CEK','PE-T153-SE-CNC-EI-CASET','','SIN NUMERO DE SERIE',40083527),
	(700,2536673,'ODF SE HAA 48_SC/LC HAA/HBK 02','PE-T153-SE-HAA-EA-EQCOM-FOP','OPTRAX','',40092212),
	(701,2536674,'ODF SE HAA 48_SC/LC HAA/NIH 03','PE-T153-SE-HAA-EA-EQCOM-FOP','OPTRAX','',40092210),
	(702,1859751,'ODF SE HBK 12_FC HBK/AGZHT 01','PE-T153-TA-COM-CI-CIDIS-HBK','BLACKBOX','SIN NUMERO DE SERIE',40035996),
	(703,2536663,'ODF SE HBK 48_SC/LC HBK/HAA 02','PE-T153-TA-COM-CI-CIDIS-HBK','OPTRAX','',40092211),
	(704,2553026,'ODF SE IXL 36_SC PMU-73C50-PMU 01','PE-T153-SE-IXC-EA-EQCOM','BLACKBOX','',NULL),
	(705,2518241,'ODF SE KHN 36_SC/LC KHN-73460-CEK','PE-T153-SE-KHN-EA-EQCOM','','',44080716),
	(706,2536681,'ODF SE NCT 48_SC/LC NCT/PKP 04','PE-T153-SE-NCT-EA-EQCOM-FOP','OPTRAX','',40092213),
	(707,2436071,'ODF SE NCT48_SC/LC NCT/BNP 01','PE-T153-SE-NIZ-CC-CSNIZ-FOP','','',40069517),
	(708,2536675,'ODF SE NIH 48_SC/LC NIH/HAA 03','PE-T153-SE-NIH-EA-EQCOM-FOP','OPTRAX','',40092209),
	(709,2017963,'ODF SE NIZ 36_FC CCONIZ/COPNIZ 01','PE-T153-SE-NIZ-EA-EQCOM-FOP','SIN MARCA','SIN NUMERO DE SERIE',40036023),
	(710,1985449,'ODF SE NIZ 36_FC CCONIZ/SENIZ 01','PE-T153-SE-NIZ-EA-EQCOM-FOP','SIN MARCA','SIN NUMERO',40036021),
	(711,1546791,'ODF SE NIZ 36_FC CCONIZ/SENIZ 04','PE-T153-SE-NIZ-EA-EQCOM-FOP','FIS','SIN NUMERO DE SERIE',40034640),
	(712,2017965,'ODF SE NIZ 36_FC COPNIZ/CCONIZ 01','PE-T153-SE-NIZ-EA-EQCOM-FOP','SIN MARCA','SIN NUMERO DE SERIE',40036024),
	(713,1516515,'ODF SE NIZ 36_FC FRONTERA 07','PE-T153-SE-NIZ-EA-EQCOM-FOP','US FIBER OPTICS','SIN NUMERO DE SERIE',40034637),
	(714,1515349,'ODF SE NIZ 36_FC NIZ/ALMNIZ 05','PE-T153-SE-NIZ-EA-EQCOM-FOP','LEVITON','SIN NUMERO DE SERIE',40034634),
	(715,1515067,'ODF SE NIZ 36_FC NIZ/BLM/SAM 11','PE-T153-SE-NIZ-EA-EQCOM-FOP','SAMJIN','OB0033',40034629),
	(716,1515068,'ODF SE NIZ 36_FC NIZ/CCONIZ 08','PE-T153-SE-NIZ-EA-EQCOM-FOP','FIS','SIN NUMERO DE SERIE',40034630),
	(717,1515348,'ODF SE NIZ 36_FC NIZ/CNC 02','PE-T153-SE-NIZ-EA-EQCOM-FOP','AFL','SIN NUMERO DE SERIE',40034633),
	(718,1515620,'ODF SE NIZ 36_FC NIZ/CTGNIZ 01','PE-T153-SE-NIZ-EA-EQCOM-FOP','SIN MARCA','SIN NUMERO DE SERIE',NULL),
	(719,1546778,'ODF SE NIZ 36_FC NIZ/CTGNIZ 03','PE-T153-SE-NIZ-EA-EQCOM-FOP','SIN MARCA','SIN NUMERO DE SERIE',40034641),
	(720,1515070,'ODF SE NIZ 36_FC NIZ/PMO 09','PE-T153-SE-NIZ-EA-EQCOM-FOP','AFL','SIN NUMERO DE SERIE',40034631),
	(721,1515242,'ODF SE NIZ 36_FC NIZ/SENIZ 06','PE-T153-SE-NIZ-EA-EQCOM-FOP','FIS','SIN NUMERO DE SERIE',40034632),
	(722,2126329,'ODF SE NIZ 36_FC NIZ/YIK 03','PE-T153-SE-NIZ-CC-CSNIZ-FOP','US FIBER OPTICS','SIN NUMERO DE SERIE',40036027),
	(723,1515351,'ODF SE NIZ 36_FC NIZ93170RMY/PCN/VAD 10','PE-T153-SE-NIZ-EA-EQCOM-FOP','BRUGGS','SIN NUMERO DE SERIE',40034636),
	(724,1985450,'ODF SE NIZ 36_FC SENIZ/CCONIZ 01','PE-T153-SE-NIZ-EA-EQCOM-FOP','SIN MARCA','SIN NUMERO',40036022),
	(725,2195452,'ODF SE NIZ 36_FC SENIZ/CCONIZ 02','PE-T153-SE-NIZ-EA-EQCOM-FOP','FIBERTECKNOLOGY','',40056054),
	(726,1515371,'ODF SE PCN 36_FC PCN-93R50-TUM 01','PE-T153-SE-PCN-EA-EQCOM-FOP','BLACKBOX','SIN NUMERO DE SERIE',NULL),
	(727,1515374,'ODF SE PCN 36_FC PCN/AGPCN 02','PE-T153-SE-PCN-EA-EQCOM-FOP','SIN MARCA','SIN NUMERO DE SERIE',22134523),
	(728,2011023,'ODF SE PCN 36_FC PCN/HTMPCN 05','PE-T153-SE-PCN-EA-EQCOM-FOP','Fiber Teknology','SIN NUMERO DE SERIE',40036025),
	(729,1515382,'ODF SE PCN 36_FC PCN/ZNE 04','PE-T153-SE-PCN-EA-EQCOM-FOP','SIN MARCA','SIN NUMERO DE SERIE',NULL),
	(730,2536684,'ODF SE PKP 48_SC/LC PKP/NCT 04','PE-T153-SE-PKP-EA-EQCOM-FOP','OPTRAX','',40092214),
	(731,2553027,'ODF SE PMU 36_SC IXC-73C50-PMU 01','PE-T153-SE-PMU-EA-EQCOM','BLACKBOX','',NULL),
	(732,2494023,'ODF SE PPH 48_SC/LC KHN-73T60-PPH','PE-T153-SE-KHN-EA-EQCOM','','SIN NUMERO DE SERIE',40083539),
	(733,2049833,'ODF SE RMY 36_FC RMY/GISRMY 05','PE-T153-SE-RMY-EA-EQCOM-FOP','BLACKBOX','SIN NUMERO DE SERIE',40013911),
	(734,2049827,'ODF SE RMY 36_LC RMY-93170-NIZ 01','PE-T153-SE-RMY-EA-EQCOM-FOP','ADC TELECOMUNICATIONS INC','SIN NUMERO DE SERIE',40013907),
	(735,2049828,'ODF SE RMY 36_LC RMY-93180-PCN 02','PE-T153-SE-RMY-EA-EQCOM-FOP','ADC TELECOMUNICATIONS INC','SIN NUMERO DE SERIE',40013908),
	(736,2049830,'ODF SE RMY 36_LC RMY/PMO 04','PE-T153-SE-RMY-EA-EQCOM-FOP','ADC TELECOMUNICATIONS INC','SIN NUMERO DE SERIE',40013910),
	(737,2049829,'ODF SE RMY 36_LC RMYA3Q60DZT 03','PE-T153-SE-RMY-EA-EQCOM-FOP','ADC TELECOMUNICATIONS INC','SIN NUMERO DE SERIE',40013909),
	(738,2050292,'ODF SE RMY 36_ST R400/RMY 14','PE-T153-SE-RMY-EA-EQCOM-FOP','INCOM','SIN NUMERO DE SERIE',NULL),
	(739,2050290,'ODF SE RMY 36_ST RB1/RMY 12','PE-T153-SE-RMY-EA-EQCOM-FOP','INCOM','SIN NUMERO DE SERIE',40013911),
	(740,2050291,'ODF SE RMY 36_ST RB2/RMY 13','PE-T153-SE-RMY-EA-EQCOM-FOP','INCOM','SIN NUMERO DE SERIE',40013911),
	(741,2050289,'ODF SE RMY 36_ST RMY/R400 11','PE-T153-SE-RMY-EA-EQCOM-FOP','INCOM','SIN NUMERO DE SERIE',40013911),
	(742,2050287,'ODF SE RMY 36_ST RMY/RB1 09','PE-T153-SE-RMY-EA-EQCOM-FOP','INCOM','SIN NUMERO DE SERIE',40013911),
	(743,2050288,'ODF SE RMY 36_ST RMY/RB2 10','PE-T153-SE-RMY-EA-EQCOM-FOP','INCOM','SIN NUMERO DE SERIE',40013911),
	(744,1859747,'ODF SE TUM 36_FC TUM/AGTUM 01','PE-T153-TA-COM-CI-CIDIS-STU','ADC','SIN NUMERO DE SERIE',40036040),
	(745,2126330,'ODF SE YIK 36_FC YIK/NIZ 01','PE-T153-TA-COM-CI-CIGEN-YIK','US FIBER OPTICS','SIN NUMERO DE SERIE',40036028),
	(746,1515377,'ODF SEPCN 36_FC PCN-93180-RMY/NIZ/VAD 03','PE-T153-SE-PCN-EA-EQCOM-FOP','BRUGGS','SIN NUMERO DE SERIE',NULL),
	(747,2494135,'ODF SEPJU 48_SC/LC SE PUJ-ZOTC','PE-T153-SE-PJU-EI-CASET','OPTRAX','SIN NUMERO DE SERIE',40092216),
	(748,1516359,'ODF ZDDCNC 36_FC ZDDCNC/HTCNC 01','PE-T153-TA-COM-CI-CIDIS-ZDC','SIN MARCA','SIN NUMERO DE SERIE',40034665),
	(749,1515030,'ODF ZDTCNC 36_FC ZDCCNC/BLM/SAM 03','PE-T153-TA-EDI-OP-EDI05','SAMJIN','6100150',40034664),
	(750,1547570,'ODF ZDTCNC 36_FC ZDCCNC/BNP 01','PE-T153-TA-EDI-OP-EDI05','SIN MARCA','SIN NUMERO DE SERIE',NULL),
	(751,1966174,'ODF ZDTCNC 36_FC ZDCCNC/HTCNC 04','PE-T153-TA-EDI-OP-EDI05','SIN MARCA','SIN NUMERO',NULL),
	(752,1966175,'ODF ZDTCNC 36_FC ZDCCNC/HTCNC 05','PE-T153-TA-EDI-OP-EDI05','SIN MARCA','SIN NUMERO',NULL),
	(753,1547572,'ODF ZDTCNC 36_FC ZDCCNC/HTCNC 06','PE-T153-TA-EDI-OP-EDI05','SIN MARCA','SIN NUMERO DE SERIE',40034668),
	(754,1966176,'ODF ZDTCNC 36_FC ZDTCNC/SCTCNC 02','PE-T153-TA-EDI-OP-EDI05','SIN MARCA','SIN NUMERO',NULL),
	(755,2193455,'ODF ZOTCNC 36_SC ZOTCNC-HTGCNC 01','PE-T153-TA-COM-OA-SUBAC-FOP','FIBERTECKNOLOGY','S/N',40035331),
	(756,2494134,'ODF ZOTCNC 48_SC/LC ZOTC-SE PUJ','PE-T153-TA-COM-UM-ZOT','OPTRAX','SIN NUMERO DE SERIE',40092215),
	(757,1167876,'OPL-BLM-ESB 2000I-BLM-93050-VAD-','PE-T153-SE-BLM-BL-93050-OPL','SIEMENS','LB/53/05110',40014248),
	(758,748510,'OPL-BLM-ESB 2000I-BLM-93060-NIZ-455/485','PE-T153-SE-BLM-BL-93060-OPL','SIEMENS','F.NR00002231',40014002),
	(759,749259,'OPL-NIZ-ESB 2000I-NIZ-93060-BLM-485/455','PE-T153-SE-NIZ-BL-93060-OPL','SIEMENS','2227',40014038),
	(760,2552204,'OPL-NIZ-GRIDCOM391-NIZ-73480-TIN-290/250','PE-T153-SE-NIZ-BM-73480-OPL','GENERAL ELECTRIC','7622318DP100002',NULL),
	(761,2357877,'OPL-NIZ-POWERLINK-KHN-73T60-PPH-85/115','PE-T153-SE-KHN-EA-EQCOM-OPL','SIEMENS','',44080722),
	(762,2050859,'OPL-NIZ-POWERLINK-NIZ-93040-RMY-305/320','PE-T153-SE-NIZ-BL-93040-OPL','SIEMENS','BF1403518821',22318300),
	(763,2042442,'OPL-NIZ-POWERLINK-NIZ-93070-VAD-290/250','PE-T153-SE-NIZ-BL-93070-OPL','SIEMENS','BF130506703',40014609),
	(764,2049156,'OPL-NIZ-POWERLINK-NIZ-93170-RMY-120/335','PE-T153-SE-NIZ-BL-93170-OPL','SIEMENS','BF1403518820',22318299),
	(765,2050249,'OPL-PCN-POWERLINK-PCN-93180-RMY-275/350','PE-T153-SE-PCN-BL-93180-OPL','SIEMENS','BF1403518818',22318302),
	(766,2050250,'OPL-PCN-POWERLINK-PCN-93190-RMY-245/260','PE-T153-SE-PCN-BL-93190-OPL','SIEMENS','BF1403518819',22318301),
	(767,2049530,'OPL-RMY-POWERLINK-RMY-93040-NIZ-320/305','PE-T153-SE-RMY-EA-EQCOM-OPL','SIEMENS','BF1403500754',22135167),
	(768,2049533,'OPL-RMY-POWERLINK-RMY-93170-NIZ-335/120','PE-T153-SE-RMY-EA-EQCOM-OPL','SIEMENS','BF1403500753',22135165),
	(769,2049537,'OPL-RMY-POWERLINK-RMY-93180-PCN-350/275','PE-T153-SE-RMY-EA-EQCOM-OPL','SIEMENS','BF1403500755',22135171),
	(770,2049535,'OPL-RMY-POWERLINK-RMY-93190-PCN-260/245','PE-T153-SE-RMY-EA-EQCOM-OPL','SIEMENS','BF1403500756',22135169),
	(771,2049564,'OPL-RMY-POWERLINK-RMY-A3Q60-DZT-290/210','PE-T153-SE-RMY-EA-EQCOM-OPL','SIEMENS','BF1310517834',22133572),
	(772,2049562,'OPL-RMY-POWERLINK-RMY-A3Q70-DZT-85/100','PE-T153-SE-RMY-EA-EQCOM-OPL','SIEMENS','BF1310517835',22133576),
	(773,2553009,'OPL-TIN-GRIDCOM T390-TIN73480NIZ-145/240','PE-T153-SE-TIN-BM-73480-OPL','GENERAL ELECTRIC','7622325DP100001',NULL),
	(774,1935841,'PCN CARG. BAT. EMEISA 48VCD','PE-T153-SE-PCN-EA-CCAYD-SPD-CG','EMEISA','1728/13',40014555),
	(775,1958176,'PCN CARG. BAT. EMEISA 48VCD #2','PE-T153-SE-PCN-EA-CCAYD-SPD-CG','EMEISA','1521/13',40014613),
	(776,1877920,'PLANTA EMERG-HTGCNC-4BTA3.9G4-80KW-01','PE-T153-TA-COM-HT-HTCNC-FZA','OTTOMOTORES','69538541',NULL),
	(777,1859730,'PLANTA EMERG-HTMCOZ-UCI224D-50KW-01','PE-T153-TA-COM-HT-HTCOZ-FZA','OTTOMOTORES','22841',NULL),
	(778,1877927,'PLANTA EMERG-HTMPCN-UCI224D-50KW-01','PE-T153-SE-PCN-HT-HSPCN-FZA','OTTOMOTORES','73025765',NULL),
	(779,1954921,'PLANTA EMERG-SE NIZ-CNY50-152KW-01','PE-T153-SE-NIZ-EA-EQCOM-OPL','OTTOMOTORES','27001',1000925),
	(780,2260460,'PQ-05-67 PROBADOR ETHERNET JDSU MTS6000A','PE-T153-TA-EQM-CO','JDSU','MTS6KB3450231',NULL),
	(781,2241913,'RADIO BASE IBR  ASTRO CAS CTRL','PE-T153-SE-IBR-EA-EQCOM-VHF','','',40014839),
	(782,2242438,'RADIO BASE MPA ASTRO CAS CTRL','PE-T153-SE-MPA-EA-EQCOM-VHF','','',40014854),
	(783,1418850,'RADIO BASE PCN ASTRO CAS MO','PE-T153-TA-COM-RP-PEPCN-VHF','MOTOROLA','276CJR0504',40014354),
	(784,2505518,'RADIO BASE-OFI-TM9300-COMS','PE-T153-TA-COM-OA-OFBNP-VHF','TAIT','20878089',40091086),
	(785,2505524,'RADIO BASE-OFI-TM9300-COMS','PE-T153-TA-COM-OA-OFBNP-VHF','TAIT','20877719',40091087),
	(786,2505525,'RADIO BASE-OFI-TM9300-COMS','PE-T153-TA-COM-OA-OFBNP-VHF','TAIT','20877730',40091088),
	(787,2505526,'RADIO BASE-OFI-TM9300-COMS','PE-T153-TA-COM-OA-OFBNP-VHF','TAIT','20877734',40091089),
	(788,2505527,'RADIO BASE-OFI-TM9300-COMS','PE-T153-TA-COM-OA-OFBNP-VHF','TAIT','20877711',40091090),
	(789,2505528,'RADIO BASE-OFI-TM9300-COMS','PE-T153-TA-COM-OA-OFBNP-VHF','TAIT','20873181',40091082),
	(790,2505529,'RADIO BASE-OFI-TM9300-COMS','PE-T153-SE-BLM-EA-EQCOM-VHF','TAIT','20872572',40091081),
	(791,2505530,'RADIO BASE-OFI-TM9300-COMS','PE-T153-TA-COM-OA-OFBNP-VHF','TAIT','20872549',40091085),
	(792,2505531,'RADIO BASE-OFI-TM9300-COMS','PE-T153-TA-COM-OA-OFBNP-VHF','TAIT','20877721',40091091),
	(793,2505532,'RADIO BASE-OFI-TM9300-COMS','PE-T153-TA-COM-OA-OFBNP-VHF','TAIT','20877713',40091084),
	(794,2505533,'RADIO BASE-OFI-TM9300-COMS','PE-T153-TA-COM-OA-OFBNP-VHF','TAIT','20877738',40091083),
	(795,2505534,'RADIO BASE-OFI-TM9300-COMS','PE-T153-TA-COM-OA-OFBNP-VHF','TAIT','20875220',40091092),
	(796,2505535,'RADIO BASE-OFI-TM9300-COMS','PE-T153-TA-COM-OA-OFBNP-VHF','TAIT','20875227',40091093),
	(797,2505536,'RADIO BASE-OFI-TM9300-COMS','PE-T153-TA-COM-OA-OFBNP-VHF','TAIT','20875216',40091094),
	(798,2552197,'RADIO BASE-OFI-TM9300-COMS','PE-T153-SE-TIN-EA-EQCOM-VHF','TAIT','',NULL),
	(799,2492774,'RADIO MOVIL-20841595','PE-T153-TA-COM-OA-OFBNP-VHF','TAIT','20841595',40086253),
	(800,2492795,'RADIO MOVIL-20872542','PE-T153-TA-COM-OA-OFBNP-VHF','TAIT','20872542',40086275),
	(801,2492769,'RADIO MOVIL-20872546','PE-T153-TA-COM-OA-OFBNP-VHF','TAIT','20872546',40086248),
	(802,2492770,'RADIO MOVIL-20872554','PE-T153-TA-COM-OA-OFBNP-VHF','TAIT','20872554',40086249),
	(803,2492775,'RADIO MOVIL-20872557','PE-T153-TA-COM-OA-OFBNP-VHF','TAIT','20872557',40086254),
	(804,2492773,'RADIO MOVIL-20872560','PE-T153-TA-COM-OA-OFBNP-VHF','TAIT','20872560',40086252),
	(805,2492767,'RADIO MOVIL-20872569','PE-T153-TA-COM-OA-OFBNP-VHF','TAIT','20872569',40086246),
	(806,2492776,'RADIO MOVIL-20872576','PE-T153-TA-COM-OA-OFBNP-VHF','TAIT','20872576',40086255),
	(807,2492768,'RADIO MOVIL-20872582','PE-T153-TA-COM-OA-OFBNP-VHF','TAIT','20872582',40086247),
	(808,2492778,'RADIO MOVIL-20873174','PE-T153-TA-COM-OA-OFBNP-VHF','TAIT','20873136',40086257),
	(809,2492779,'RADIO MOVIL-20873174','PE-T153-TA-COM-OA-OFBNP-VHF','TAIT','20873174',40086258),
	(810,2492782,'RADIO MOVIL-20873176','PE-T153-TA-COM-OA-OFBNP-VHF','TAIT','20873176',40086261),
	(811,2492800,'RADIO MOVIL-20873179','PE-T153-TA-COM-OA-OFBNP-VHF','TAIT','20873179',40086280),
	(812,2492780,'RADIO MOVIL-20873184','PE-T153-TA-COM-OA-OFBNP-VHF','TAIT','20873184',40086259),
	(813,2492799,'RADIO MOVIL-20873187','PE-T153-TA-COM-OA-OFBNP-VHF','TAIT','20873187',40086279),
	(814,2492781,'RADIO MOVIL-20873199','PE-T153-TA-COM-OA-OFBNP-VHF','TAIT','20873199',40086260),
	(815,2492798,'RADIO MOVIL-20873205','PE-T153-TA-COM-OA-OFBNP-VHF','TAIT','20873205',40086278),
	(816,2492787,'RADIO MOVIL-20873670','PE-T153-TA-COM-OA-OFBNP-VHF','TAIT','20873670',40086267),
	(817,2492801,'RADIO MOVIL-20873683','PE-T153-TA-COM-OA-OFBNP-VHF','TAIT','20873683',40086281),
	(818,2492783,'RADIO MOVIL-20873694','PE-T153-TA-COM-OA-OFBNP-VHF','TAIT','20873694',40086262),
	(819,2492791,'RADIO MOVIL-20873697','PE-T153-TA-COM-OA-OFBNP-VHF','TAIT','20873697',40086271),
	(820,2492784,'RADIO MOVIL-20873707','PE-T153-TA-COM-OA-OFBNP-VHF','TAIT','20873707',40086263),
	(821,2492790,'RADIO MOVIL-20873709','PE-T153-TA-COM-OA-OFBNP-VHF','TAIT','20873709',40086270),
	(822,2492792,'RADIO MOVIL-20873715','PE-T153-TA-COM-OA-OFBNP-VHF','TAIT','20873715',40086272),
	(823,2492788,'RADIO MOVIL-20873753','PE-T153-TA-COM-OA-OFBNP-VHF','TAIT','20873753',40086268),
	(824,2492789,'RADIO MOVIL-20873753','PE-T153-TA-COM-OA-OFBNP-VHF','TAIT','20873753',40086269),
	(825,2492634,'RADIO MOVIL-20877756','PE-T153-TA-COM-OA-OFBNP-VHF','TAIT','20877756',40086242),
	(826,2492786,'RADIO MOVIL-20878091','PE-T153-TA-COM-OA-OFBNP-VHF','TAIT','20878091',40086266),
	(827,2492630,'RADIO MOVIL-20878093','PE-T153-TA-COM-OA-OFBNP-VHF','TAIT','20878093',40086240),
	(828,2492793,'RADIO MOVIL-20878099','PE-T153-TA-COM-OA-OFBNP-VHF','TAIT','20878099',40086273),
	(829,2492796,'RADIO MOVIL-20878102','PE-T153-TA-COM-OA-OFBNP-VHF','TAIT','20878102',40086276),
	(830,2492632,'RADIO MOVIL-20878104','PE-T153-TA-COM-OA-OFBNP-VHF','TAIT','20878104',40086241),
	(831,2492777,'RADIO MOVIL-20878110','PE-T153-TA-COM-OA-OFBNP-VHF','TAIT','20878110',40086256),
	(832,2492794,'RADIO MOVIL-20878113','PE-T153-TA-COM-OA-OFBNP-VHF','TAIT','20878113',40086274),
	(833,2492639,'RADIO MOVIL-20878114','PE-T153-TA-COM-OA-OFBNP-VHF','TAIT','20878114',40086243),
	(834,2492785,'RADIO MOVIL-20878126','PE-T153-TA-COM-OA-OFBNP-VHF','TAIT','20878126',40086265),
	(835,2492797,'RADIO MOVIL-20878134','PE-T153-TA-COM-OA-OFBNP-VHF','TAIT','20878134',40086277),
	(836,2492766,'RADIO MOVIL-20878575','PE-T153-TA-COM-OA-OFBNP-VHF','TAIT','20878575',40086245),
	(837,2492771,'RADIO MOVIL-20878577','PE-T153-TA-COM-OA-OFBNP-VHF','TAIT','20878577',40086250),
	(838,2492640,'RADIO MOVIL-20878583','PE-T153-TA-COM-OA-OFBNP-VHF','TAIT','20878583',40086244),
	(839,2492772,'RADIO MOVIL-20878591','PE-T153-TA-COM-OA-OFBNP-VHF','TAIT','20878591',40086251),
	(840,1283177,'RADIO MOVIL-LIN- XTL2500-A2075','PE-T153-TA-ERO-NA-EQCOM','MOTOROLA','518CJP0722',NULL),
	(841,2505394,'RADIO PORTATIL-OFI-TP9500-COMS','PE-T153-TA-COM-OA-OFBNP-VHF','TAIT','26463716',40091059),
	(842,2505396,'RADIO PORTATIL-OFI-TP9500-COMS','PE-T153-TA-COM-OA-OFBNP-VHF','TAIT','26460799',40091061),
	(843,2505398,'RADIO PORTATIL-OFI-TP9500-COMS','PE-T153-TA-COM-OA-OFBNP-VHF','TAIT','26461156',40091062),
	(844,2505399,'RADIO PORTATIL-OFI-TP9500-COMS','PE-T153-TA-COM-OA-OFBNP-VHF','TAIT','26461160',40091063),
	(845,2505400,'RADIO PORTATIL-OFI-TP9500-COMS','PE-T153-TA-COM-OA-OFBNP-VHF','TAIT','26461153',40091064),
	(846,2505401,'RADIO PORTATIL-OFI-TP9500-COMS','PE-T153-TA-COM-OA-OFBNP-VHF','TAIT','26461157',40091065),
	(847,2505402,'RADIO PORTATIL-OFI-TP9500-COMS','PE-T153-TA-COM-OA-OFBNP-VHF','TAIT','26461154',40091066),
	(848,2505403,'RADIO PORTATIL-OFI-TP9500-COMS','PE-T153-TA-COM-OA-OFBNP-VHF','TAIT','26461163',40091067),
	(849,2505404,'RADIO PORTATIL-OFI-TP9500-COMS','PE-T153-TA-COM-OA-OFBNP-VHF','TAIT','26460789',40091046),
	(850,2505405,'RADIO PORTATIL-OFI-TP9500-COMS','PE-T153-TA-COM-OA-OFBNP-VHF','TAIT','26461687',40091047),
	(851,2505406,'RADIO PORTATIL-OFI-TP9500-COMS','PE-T153-TA-COM-OA-OFBNP-VHF','TAIT','26461167',40091048),
	(852,2505407,'RADIO PORTATIL-OFI-TP9500-COMS','PE-T153-TA-COM-OA-OFBNP-VHF','TAIT','26461696',40091049),
	(853,2505408,'RADIO PORTATIL-OFI-TP9500-COMS','PE-T153-TA-COM-OA-OFBNP-VHF','TAIT','26461683',40091050),
	(854,2505409,'RADIO PORTATIL-OFI-TP9500-COMS','PE-T153-TA-COM-OA-OFBNP-VHF','TAIT','26461694',40091051),
	(855,2505410,'RADIO PORTATIL-OFI-TP9500-COMS','PE-T153-TA-COM-OA-OFBNP-VHF','TAIT','26461701',40091052),
	(856,2505411,'RADIO PORTATIL-OFI-TP9500-COMS','PE-T153-TA-COM-OA-OFBNP-VHF','TAIT','26461162',40091053),
	(857,2505412,'RADIO PORTATIL-OFI-TP9500-COMS','PE-T153-TA-COM-OA-OFBNP-VHF','TAIT','26461700',40091054),
	(858,2505413,'RADIO PORTATIL-OFI-TP9500-COMS','PE-T153-TA-COM-OA-OFBNP-VHF','TAIT','26463182',40091055),
	(859,2505417,'RADIO PORTATIL-OFI-TP9500-COMS','PE-T153-TA-COM-OA-OFBNP-VHF','TAIT','26464620',40091056),
	(860,2505418,'RADIO PORTATIL-OFI-TP9500-COMS','PE-T153-TA-COM-OA-OFBNP-VHF','TAIT','26464220',40091057),
	(861,2505419,'RADIO PORTATIL-OFI-TP9500-COMS','PE-T153-TA-COM-OA-OFBNP-VHF','TAIT','26463718',40091058),
	(862,2505420,'RADIO PORTATIL-OFI-TP9500-COMS','PE-T153-TA-COM-OA-OFBNP-VHF','TAIT','26464238',40091060),
	(863,2505421,'RADIO PORTATIL-OFI-TP9500-COMS','PE-T153-TA-COM-OA-OFBNP-VHF','TAIT','26461704',40091035),
	(864,2505422,'RADIO PORTATIL-OFI-TP9500-COMS','PE-T153-TA-COM-OA-OFBNP-VHF','TAIT','26462105',40091036),
	(865,2505423,'RADIO PORTATIL-OFI-TP9500-COMS','PE-T153-TA-COM-OA-OFBNP-VHF','TAIT','26462106',40091037),
	(866,2505424,'RADIO PORTATIL-OFI-TP9500-COMS','PE-T153-TA-COM-OA-OFBNP-VHF','TAIT','26462104',40091038),
	(867,2505425,'RADIO PORTATIL-OFI-TP9500-COMS','PE-T153-TA-COM-OA-OFBNP-VHF','TAIT','26462096',40091039),
	(868,2505426,'RADIO PORTATIL-OFI-TP9500-COMS','PE-T153-TA-COM-OA-OFBNP-VHF','TAIT','26462103',40091040),
	(869,2505427,'RADIO PORTATIL-OFI-TP9500-COMS','PE-T153-TA-COM-OA-OFBNP-VHF','TAIT','26466292',40091041),
	(870,2505428,'RADIO PORTATIL-OFI-TP9500-COMS','PE-T153-TA-COM-OA-OFBNP-VHF','TAIT','26466284',40091042),
	(871,2505429,'RADIO PORTATIL-OFI-TP9500-COMS','PE-T153-TA-COM-OA-OFBNP-VHF','TAIT','26466295',40091043),
	(872,2505430,'RADIO PORTATIL-OFI-TP9500-COMS','PE-T153-TA-COM-OA-OFBNP-VHF','TAIT','26466288',40091044),
	(873,2505431,'RADIO PORTATIL-OFI-TP9500-COMS','PE-T153-TA-COM-OA-OFBNP-VHF','TAIT','26466281',40091045),
	(874,2505432,'RADIO PORTATIL-OFI-TP9500-COMS','PE-T153-TA-COM-OA-OFBNP-VHF','TAIT','26466283',40091029),
	(875,2505433,'RADIO PORTATIL-OFI-TP9500-COMS','PE-T153-TA-COM-OA-OFBNP-VHF','TAIT','26461164',40091030),
	(876,2505434,'RADIO PORTATIL-OFI-TP9500-COMS','PE-T153-TA-COM-OA-OFBNP-VHF','TAIT','26462092',40091031),
	(877,2505435,'RADIO PORTATIL-OFI-TP9500-COMS','PE-T153-TA-COM-OA-OFBNP-VHF','TAIT','26462112',40091032),
	(878,2505436,'RADIO PORTATIL-OFI-TP9500-COMS','PE-T153-TA-COM-OA-OFBNP-VHF','TAIT','26462107',40091033),
	(879,2505501,'RADIO PORTATIL-OFI-TP9500-COMS','PE-T153-TA-COM-OA-OFBNP-VHF','TAIT','26462113',40091073),
	(880,2505502,'RADIO PORTATIL-OFI-TP9500-COMS','PE-T153-TA-COM-OA-OFBNP-VHF','TAIT','26462108',40091074),
	(881,2505503,'RADIO PORTATIL-OFI-TP9500-COMS','PE-T153-TA-COM-OA-OFBNP-VHF','TAIT','26462794',40091075),
	(882,2505504,'RADIO PORTATIL-OFI-TP9500-COMS','PE-T153-TA-COM-OA-OFBNP-VHF','TAIT','26462795',40091076),
	(883,2505505,'RADIO PORTATIL-OFI-TP9500-COMS','PE-T153-TA-COM-OA-OFBNP-VHF','TAIT','26462799',40091070),
	(884,2505506,'RADIO PORTATIL-OFI-TP9500-COMS','PE-T153-TA-COM-OA-OFBNP-VHF','TAIT','26462448',40091071),
	(885,2505507,'RADIO PORTATIL-OFI-TP9500-COMS','PE-T153-TA-COM-OA-OFBNP-VHF','TAIT','26463174',40091072),
	(886,2505508,'RADIO PORTATIL-OFI-TP9500-COMS','PE-T153-TA-COM-OA-OFBNP-VHF','TAIT','26469342',40091028),
	(887,2505509,'RADIO PORTATIL-OFI-TP9500-COMS','PE-T153-TA-COM-OA-OFBNP-VHF','TAIT','26469830',40091027),
	(888,2505510,'RADIO PORTATIL-OFI-TP9500-COMS','PE-T153-TA-COM-OA-OFBNP-VHF','TAIT','26469815',40091077),
	(889,2505511,'RADIO PORTATIL-OFI-TP9500-COMS','PE-T153-TA-COM-OA-OFBNP-VHF','TAIT','26468886',40091078),
	(890,2505512,'RADIO PORTATIL-OFI-TP9500-COMS','PE-T153-TA-COM-OA-OFBNP-VHF','TAIT','26469806',40091068),
	(891,2505513,'RADIO PORTATIL-OFI-TP9500-COMS','PE-T153-TA-COM-OA-OFBNP-VHF','TAIT','26468871',40091069),
	(892,2505437,'RADIO PORTATIL-OFI-TP9500-COMS-COMS','PE-T153-TA-COM-OA-OFBNP-VHF','TAIT','26461169',40091034),
	(893,1418847,'REPETIDOR-3RE-QUANTAR- 3 REYES1','PE-T153-TA-COM-RP-3REYE-VHF','MOTOROLA','509CJR1998',40013803),
	(894,1418848,'REPETIDOR-3RE-QUANTAR- 3 REYES2','PE-T153-TA-COM-RP-3REYE-VHF','MOTOROLA','509CJR2023',40013803),
	(895,2490683,'REPETIDOR-AKD-DMRIII - SE AKD','PE-T153-SE-AKD-EA-EQCOM-VHF','MOTOROLA','18346305',40082878),
	(896,2494815,'REPETIDOR-NIZ- DMRIII REP SE NIZ 01','PE-T153-SE-NIZ-EA-EQCOM-VHF','TAIT','18346285',40086282),
	(897,2494816,'REPETIDOR-NIZ-DMRIII  REP SE NIZ 02','PE-T153-SE-NIZ-EA-EQCOM-VHF','TEIT','18346706',40086283),
	(898,2490709,'REPETIDOR-PCN-DMRIII_REP PCN_01','PE-T153-TA-COM-RP-PEPCN-VHF','MOTOROLA','18345764',40083672),
	(899,2490710,'REPETIDOR-PCN-DMRIII_REP PCN_02','PE-T153-TA-COM-RP-PEPCN-VHF','MOTOROLA','18346711',40083673),
	(900,1423520,'REPETIDOR-PCN-QUANTAR-REP PCN1','PE-T153-TA-COM-RP-PEPCN-VHF','MOTOROLA','509CJR2022',40014355),
	(901,1423521,'REPETIDOR-PCN-QUANTAR-REP PCN2','PE-T153-TA-COM-RP-PEPCN-VHF','MOTOROLA','509CJR2026',40014356),
	(902,2490684,'REPETIDOR-RMY-DMRIII- REP RMY','PE-T153-SE-RMY-EA-EQCOM-VHF','MOTOROLA','18346306',40082877),
	(903,1423592,'REPETIDOR-VAD-QUANTAR- VAD.NVO1','PE-T153-TA-COM-RP-VADNV-VHF','MOTOROLA','509CJR1999',NULL),
	(904,1423593,'REPETIDOR-VAD-QUANTAR- VAD.NVO2','PE-T153-TA-COM-RP-VADNV-VHF','MOTOROLA','509CJR2000',NULL),
	(905,2241916,'ROUTER IBR','PE-T153-SE-IBR-EA-EQCOM-DAT','','',40014840),
	(906,2555132,'ROUTER- CISCO CGR-2010','PE-T153-TA-COM-OA-OFBNP-DAT','CISCO','FDO2509J9N8',NULL),
	(907,2449547,'ROUTER-HTGCNC-CISCOASR903-1','PE-T153-TA-COM-HT-HTCNC-DAT','CISCO','FOX2417P5H8',40070212),
	(908,2554744,'ROUTER-SE AKD CISCOCGR-2010','PE-T153-SE-AKD-EA-EQCOM-DAT','CISCO','FTX2422X04C',NULL),
	(909,2449544,'ROUTER-SE BLM-CISCOASR903-1','PE-T153-SE-BLM-EA-EQCOM-DAT','CISCO','',40070095),
	(910,2190571,'ROUTER-SE BLM-CISCOCGR-2010-01','PE-T153-SE-BLM-EA-EQCOM-DAT','CISCO','FTX2014A01R',40014805),
	(911,2556622,'ROUTER-SE BNI CISCOCGR-2010-01','PE-T153-SE-BNI-EA-EQCOM-DAT','CISCO','',NULL),
	(912,2556655,'ROUTER-SE BNP CISCOCGR-2010','PE-T153-SE-BNP-EA-EQCOM-DAT','CISCO','FOX2401P2E9',NULL),
	(913,779058,'ROUTER-SE BNP-CISCO3745-01','PE-T153-TA-COM-OA-OFBNP-DAT','CISCO SYSTEM','JMX0816L25C',40013794),
	(914,2556653,'ROUTER-SE CEK CISCOCGR-2010','PE-T153-SE-CEK-EA-EQCOM-DAT','CISCO','FOX2401P2E9',NULL),
	(915,2493444,'ROUTER-SE CNC-CISCOASR902-01','PE-T153-SE-CNC-EA-EQCOM-DAT','CISCO','',40084837),
	(916,2556649,'ROUTER-SE HAA CISCOCGR-2010','PE-T153-SE-HAA-EA-EQCOM-DAT','CISCO','FTX2422X06F',NULL),
	(917,2556646,'ROUTER-SE HBK CISCOCGR-2010','PE-T153-SE-HBK-EA-EQCOM-DAT','CISCO','FTX2426X01Q',NULL),
	(918,2556638,'ROUTER-SE KAB CISCOCGR-2010','PE-T153-SE-KAB-EA-EQCOM-DAT','CISCO','FTX2426X01M',NULL),
	(919,2556635,'ROUTER-SE KUK CISCOCGR-2010','PE-T153-SE-KUK-EA-EQCOM-DAT','CISCO','FTX2426X01P',NULL),
	(920,2553030,'ROUTER-SE MPA CISCOCGR-2010-01','PE-T153-SE-MPA-EA-EQCOM-DAT','CISCO','',NULL),
	(921,2556619,'ROUTER-SE NIH CISCOCGR-2010','PE-T153-SE-NIH-EA-EQCOM-DAT','CISCO','FTX2426X01T',NULL),
	(922,2556627,'ROUTER-SE NIH CISCOCGR-2010','PE-T153-SE-NCT-EA-EQCOM-DAT','CISCO','FTX2425X01F',NULL),
	(923,2195455,'ROUTER-SE NIZ-CISCOASR903-02','PE-T153-SE-NIZ-EA-EQCOM-DAT','CISCO','FOX2044P2YR',40056269),
	(924,2449551,'ROUTER-SE NIZ-CISCOASR903-03','PE-T153-SE-NIZ-EA-EQCOM-DAT','CISCO','FOX2418P9UN',40070104),
	(925,2552199,'ROUTER-SE NIZ-CISCOASR903-03','PE-T153-SE-NIZ-EA-EQCOM-DAT','CISCO','FOX2725PJN3',NULL),
	(926,2190572,'ROUTER-SE PCN CISCOCGR-2010-02','PE-T153-SE-PCN-EA-EQCOM-DAT','CISCO','FTX2014A01N',40014795),
	(927,2493453,'ROUTER-SE PCN-CISCOASR902-01','PE-T153-SE-PCN-EA-EQCOM-DAT','CISCO','',40085006),
	(928,2449554,'ROUTER-SE PJU-CISCOASR903-03','PE-T153-SE-PJU-EA-EQCOM-DAT','CISCO','',40071162),
	(929,2556633,'ROUTER-SE PKP CISCOCGR-2010-01','PE-T153-SE-PKP-EA-EQCOM-DAT','CISCO','',NULL),
	(930,2556624,'ROUTER-SE PMO CISCOCGR-2010-01','PE-T153-SE-PMO-EA-EQCOM-DAT','CISCO','',NULL),
	(931,2556626,'ROUTER-SE PMU CISCOCGR-2010-01','PE-T153-SE-PMU-EA-EQCOM-DAT','CISCO','',NULL),
	(932,2556629,'ROUTER-SE PSA CISCOCGR-2010-01','PE-T153-SE-PSA-EA-EQCOM-DAT','CISCO','',NULL),
	(933,2449557,'ROUTER-SE RMY-CISCOASR903-02','PE-T153-SE-RMY-EA-EQCOM-DAT','CISCO','',40070099),
	(934,2190573,'ROUTER-SE RMY-CISCOCGR-2010-02','PE-T153-SE-RMY-EA-EQCOM-DAT','CISCO','FTX2014A01S',40013919),
	(935,2552194,'ROUTER-SE TIN-CISCOASR-903','PE-T153-SE-TIN-EA-EQCOM-DAT','CISCO','FOX2640PDHC',NULL),
	(936,2369236,'SISTEMA DE FZA SE NIZ 2+1/50A-48V','PE-T153-SE-NIZ-EA-EQCOM-FZA','MEI','C-19085377',22277580),
	(937,1955008,'SISTEMA FZA CI AGTUM 1+1/7A 7A 01','PE-T153-TA-COM-CI-CIDIS-TLM','MEI','C-12111482',40036174),
	(938,2103814,'SISTEMA FZA CI CTGCHB 1+1/7A 7A 01','PE-T153-TA-COM-CI-CIGEN-CHB','MEI','A-14048108',40036186),
	(939,2010796,'SISTEMA FZA CI CTGCNC 1+1/7A 7A 01','PE-T153-TA-COM-CI-CIGEN-CNC','MEI','14045192509',40036184),
	(940,2010797,'SISTEMA FZA CI CTGNIZ 1+1/7A 7A 01','PE-T153-TA-COM-CI-CIGEN-NIZ','MEI','C-13071649',40036402),
	(941,1955009,'SISTEMA FZA CI ZDDRMY 1+1/7A 7A 01','PE-T153-TA-COM-CI-CIDIS-ZDR','MEI','C-13109970',40036476),
	(942,1878010,'SISTEMA FZA HT CNC 3+0/50A 50A 01','PE-T153-TA-COM-HT-HTCNC-FZA','MEI','C-09076022',40035413),
	(943,1878014,'SISTEMA FZA HT CNC 3+0/50A 50A 02','PE-T153-TA-COM-HT-HTCNC-FZA','MEI','C-09065974',40034678),
	(944,1878020,'SISTEMA FZA HT COZ 2+0/50A 50A 01','PE-T153-TA-COM-HT-HTCOZ-FZA','MEI','C-10101120',40035515),
	(945,1878021,'SISTEMA FZA HT COZ 2+0/50A 50A 02','PE-T153-TA-COM-HT-HTCOZ-FZA','MEI','C-10090951',40034656),
	(946,1878024,'SISTEMA FZA HT PCN 2+0/50A 50A 01','PE-T153-SE-PCN-HT-HSPCN-FZA','MEI','C-09076054',40035496),
	(947,1878026,'SISTEMA FZA HT PCN 2+0/50A 50A 02','PE-T153-SE-PCN-HT-HSPCN-FZA','MEI','C-09076055',40035497),
	(948,2538483,'SISTEMA FZA REP 3REYES CXRC-24-400W','PE-T153-TA-COM-RP-3REYE-VHF','ALPHA TECHNOLOGIES','341003336/0721',22328618),
	(949,2538042,'SISTEMA FZA REP NIZUC CXRC-24-400W','PE-T153-TA-COM-RP-NIZUC-VHF','ALPHA TECHNOLOGIES','030-763-20',22328898),
	(950,2538482,'SISTEMA FZA REP PCN CXRC-24-400W','PE-T153-TA-COM-RP-PEPCN-VHF','ALPHA TECHNOLOGIES','341003298/0721',22328617),
	(951,2538585,'SISTEMA FZA REP SEAKD CXRC-24-400W','PE-T153-TA-COM-RP-SEAKD-VHF','ALPHA TECHNOLOGIES','341003293/0721',22328672),
	(952,2538592,'SISTEMA FZA REP SERMY CXRC-24-400W','PE-T153-TA-COM-RP-SERMY-VHF','ALPHA TECHNOLOGIES','341003354/0721',22328670),
	(953,2538039,'SISTEMA FZA REP VADNVO 24VCD','PE-T153-TA-COM-RP-VADNV-VHF','CORDEX','030-763-20-477',22328899),
	(954,2140685,'SISTEMA FZA REP VADNVO 2X3RSM 50A 02','PE-T153-TA-EDI-OP-EDI02','EMEISA','2432/13',40035162),
	(955,1878003,'SISTEMA FZA SE BLM 2+0/6A 6A 01','PE-T153-SE-BLM-EA-EQCOM-FZA','MEI','C-08108451',NULL),
	(956,1954881,'SISTEMA FZA SE CEK 1+1/14A 14A 01','PE-T153-TA-COM-CI-CIDIS-R96','MEI','C-13081829',40036164),
	(957,1878009,'SISTEMA FZA SE NIZ 2+0/50A 50A 03','PE-T153-SE-NIZ-EA-EQCOM-FZA','MEI','C-09096141',40034650),
	(958,1955743,'SISTEMA FZA SE NIZ 2X3RSM 50A 04','PE-T153-SE-NIZ-EA-EQCOM-FZA','EMEISA','2445/13',40035167),
	(959,1955744,'SISTEMA FZA SE NIZ 2X3RSM 50A 05','PE-T153-SE-NIZ-EA-EQCOM-FZA','EMEISA','2426/13',40035168),
	(960,2433399,'SISTEMA FZA SE NIZ MO 2+1/50A-48V+BB360A','PE-T153-SE-NIZ-EA-EQCOM-FZA','MEI','C-19085377',40014796),
	(961,2149514,'SISTEMA FZA SE RMY 3KVA+PF+2BB 3KVA 02','PE-T153-SE-RMY-EA-CCAYD-SPD-CG','MEI','C-14101740',40035136),
	(962,2011053,'SISTEMA FZA SE TUM 1+1/7A 7A 01','PE-T153-TA-COM-CI-CIDIS-STU','MEI','C-12111451',40036153),
	(963,2140496,'SISTEMA FZA SE TUM 2X3RSM 15A 02','PE-T153-TA-COM-CI-CIDIS-STU','EMEISA','2624/15',22131475),
	(964,1878016,'SISTEMA FZA ZOTC 2+0/6A 6 01','PE-T153-TA-COM-OA-SUBAC-FZA','MEI','C-07036687',40034649),
	(965,2149513,'SISTEMA FZA ZOTC 2X3 RSM 48/50 01','PE-T153-TA-COM-OA-SUBAC-FZA','EMEISA','2458/13',40035329),
	(966,1878015,'SISTEMA FZA ZOTC 3+1/30A 30 1','PE-T153-TA-CTR-SC-CG','MEI','C-08108478',22130729),
	(967,1878029,'SISTEMA FZA ZT CNC 2+1/50A 50A 01','PE-T153-TA-EDI-OP-EDI05','MEI','C-09126396',40034657),
	(968,2149512,'SISTEMA FZA ZT CNC 3KVA+PF+2BB 3KVA 02','PE-T153-TA-EDI-OP-EDI05','MEI','C-14101741',40036511),
	(969,1546821,'SNC SE NIZ QTZ SYMMETRICON SSU2000 01','PE-T153-TA-ERO-DI-EQCOM','SYMMETRICOM','T1MKCCARA',22134517),
	(970,2121916,'SNC SE NIZ RB/QTZ TRIOHMTEC  SSU2000 02','PE-T153-SE-NIZ-EA-EQCOM-FOP','TRIOHMTEC','AC6773',40035158),
	(971,750577,'SWITCH ALM NIZ AT-3012TR 01','PE-T153-TA-COM-OA-ALBNP-DAT','ATI  ( CENTRECOM )','ESLJ6081E',NULL),
	(972,2449753,'SWITCH CONF NIZ ARUBA 2930F 01','PE-T153-SE-NIZ-EA-EQCOM-FOP','ARUBA','CN01HKW5PQ',40070108),
	(973,1517898,'SWITCH HT COZ SUMMIT X150 01','PE-T153-TA-COM-HT-HTCOZ-DAT','EXTREME','1004G-81387',40034679),
	(974,1842364,'SWITCH HT PCN SUMMIT X150 01','PE-T153-SE-PCN-HT-HSPCN-DAT','EXTREME','1009G80669',40034673),
	(975,2241919,'SWITCH IBR','PE-T153-SE-IBR-EA-EQCOM-DAT','','',40014842),
	(976,750644,'SWITCH OA BNP CATALYST 3550 01','PE-T153-TA-COM-OA-OFBNP-DAT','CISCO','CAT0813Y21T',40013793),
	(977,2290351,'SWITCH OA LABOS ZTCNC CISCO 3650','PE-T153-TA-COM-OA-OFBNP-DAT','CISCO','FDO2124Q10Z',40059709),
	(978,2290346,'SWITCH OA PCN CISCO 3650 01','PE-T153-SE-PCN-EA-EQCOM-DAT','CISCO','FDO2120V1AY',40059708),
	(979,2538481,'SWITCH REP 3REYES CAP 2 MOXA','PE-T153-TA-COM-RP-3REYE-VHF','MOXA','TBADD1041_XXX',40090889),
	(980,2538031,'SWITCH REP NIZUC CAP 2 MOXA','PE-T153-TA-COM-RP-NIZUC-VHF','MOXA','TBADD1041485',40091095),
	(981,2538480,'SWITCH REP PCN CAP 2 MOXA','PE-T153-TA-COM-RP-PEPCN-VHF','MOXA','TBAED1043975',40090888),
	(982,2538584,'SWITCH REP SEAKD CAP 2 MOXA','PE-T153-TA-COM-RP-SEAKD-VHF','MOXA','TBAED1043958',40090919),
	(983,2538590,'SWITCH REP SERMY CAP 2 MOXA','PE-T153-TA-COM-RP-SERMY-VHF','MOXA','TBAED1044166',40090917),
	(984,2538034,'SWITCH REP VAD NVO CAP 2 MOXA','PE-T153-TA-COM-RP-VADNV','MOXA','TBAED10439978',40091096),
	(985,2554745,'SWITCH SE AKD IE-4010-4S24P','PE-T153-SE-AKD-EA-EQCOM-DAT','CISCO','FDO2603J2PG',NULL),
	(986,1416761,'SWITCH SE BLM CATALYST 3560 01','PE-T153-SE-BLM-EA-EQCOM-DAT','CISCO','FDO1226Z1W4',44030524),
	(987,2124286,'SWITCH SE BLM CISCO 2520 03','PE-T153-TA-COM-OA-ZOCNC-DAT','CISCO','FOC1937Z4HD',40014740),
	(988,2452229,'SWITCH SE BLM IE-4010-4S24P 01','PE-T153-SE-BLM-EA-EQCOM-DAT','CISCO','',22284520),
	(989,2331020,'SWITCH SE BLM SF200-24FP 02','PE-T153-SE-BLM-EA-EQCOM-DAT','CISCO','DNI2212033D',40064756),
	(990,2338348,'SWITCH SE BLM SF200-24FP 03','PE-T153-SE-PCN-EA-EQCOM-DAT','CISCO','DNI2212033V',40064757),
	(991,2556656,'SWITCH SE BNP IE-4010-4S24P','PE-T153-SE-BNP-EA-EQCOM-DAT','CISCO','FDO2417J0LL',NULL),
	(992,2556654,'SWITCH SE CEK IE-4010-4S24P','PE-T153-SE-CEK-EA-EQCOM-DAT','CISCO','FDO2417J0LL',NULL),
	(993,1416767,'SWITCH SE CNC CATALYST 3550 01','DD-T153-SE-CNC-EA-EQCOM-DAT','CISCO','CAT1005WOCC',NULL),
	(994,2452228,'SWITCH SE CNC IE-4010-4S24P 01','PE-T153-SE-CNC-EA-EQCOM-DAT','CISCO','',40070941),
	(995,2493452,'SWITCH SE CNC IE-4010-4S24P 01','PE-T153-SE-CNC-EA-EQCOM-DAT','CISCO','',40084845),
	(996,1546763,'SWITCH SE CNC OPLAT TP-LINK','DD-T153-SE-CNC-EA-EQCOM-DAT','TP-LINK','119A5300604',NULL),
	(997,2556650,'SWITCH SE HAA IE-4010-4S24P','PE-T153-SE-HAA-EA-EQCOM-DAT','CISCO','FDO2423J4H2',NULL),
	(998,2556647,'SWITCH SE HBK IE-4010-4S24P','PE-T153-SE-HBK-EA-EQCOM-DAT','CISCO','FDO2415J0TB',NULL),
	(999,2544254,'SWITCH SE IXC ARUBA 2930F','PE-T153-SE-IXC-EA-EQCOM','ARUBA','CN01HKW4P0',40093840),
	(1000,2556645,'SWITCH SE KAB IE-4010-4S24P','PE-T153-SE-KAB-EA-EQCOM-DAT','CISCO','FDO2415J0G4',NULL),
	(1001,2544255,'SWITCH SE KEK ARUBA 2930F','PE-T153-SE-KEK-EA-EQCOM-DAT','ARUBA','CN01HKW4P2',40093843),
	(1002,2544256,'SWITCH SE KHN ARUBA 2930F','PE-T153-SE-KHN-EA-EQCOM','ARUBA','CN01HKW4FJ',40093845),
	(1003,2556631,'SWITCH SE KUK IE-4010-4S24P','PE-T153-SE-KUK-EA-EQCOM-DAT','CISCO','FDO2415J11P',NULL),
	(1004,2242441,'SWITCH SE MPA SRW2024 01','PE-T153-SE-MPA-EA-EQCOM-DAT','','',NULL),
	(1005,2556630,'SWITCH SE NCT IE-4010-4S24P','PE-T153-SE-NCT-EA-EQCOM-DAT','CISCO','FD02414J171',NULL),
	(1006,2556620,'SWITCH SE NIH IE-4010-4S24P','PE-T153-SE-NIH-EA-EQCOM-DAT','CISCO','FDO2417J0F8',NULL),
	(1007,2552198,'SWITCH SE NIZ  IE-4010-4S24P-02','PE-T153-SE-NIZ-EA-EQCOM-DAT','CISCO','',NULL),
	(1008,2449754,'SWITCH SE NIZ ARUBA 2930F 05','PE-T153-SE-NIZ-EA-EQCOM-FOP','ARUBA','CN01HKW5KS',40070127),
	(1009,2449755,'SWITCH SE NIZ ARUBA 2930F 06','PE-T153-SE-NIZ-EA-EQCOM-FOP','ARUBA','CN01HKW5K0',40070112),
	(1010,749941,'SWITCH SE NIZ CATALYST 3550 01','PE-T153-SE-NIZ-EA-EQCOM-DAT','CISCO SYSTEMS','CAT0813X2G8',44031671),
	(1011,1416759,'SWITCH SE NIZ CATALYST 3560 02','PE-T153-SE-NIZ-EA-EQCOM-DAT','CISCO SYSTEMS','FDO1217X0BF',44031672),
	(1012,1942255,'SWITCH SE NIZ CISCO 2520 03','PE-T153-SE-NIZ-EA-EQCOM-DAT','CISCO','FOC1652V2G4',40014529),
	(1013,2452227,'SWITCH SE NIZ IE-4010-4S24P 01','PE-T153-SE-NIZ-EA-EQCOM-DAT','CISCO','',40070950),
	(1014,1472439,'SWITCH SE PCN CATALYST 3550 02','PE-T153-SE-PCN-EA-EQCOM-DAT','CISCO SYSTEM','CAT0813X1TZ',44029530),
	(1015,1416764,'SWITCH SE PCN CATALYST 3560 01','PE-T153-SE-PCN-EA-EQCOM-DAT','CISCO SYSTEM','FDO1217X094',44029529),
	(1016,1942345,'SWITCH SE PCN CISCO 2520 03','PE-T153-SE-PCN-EA-EQCOM-DAT','CISCO','FOC1652V2UN',40014530),
	(1017,2449555,'SWITCH SE PJU  IE-4010-4S24P 01','PE-T153-SE-PCN-EA-EQCOM-DAT','CISCO','',40064757),
	(1018,2544257,'SWITCH SE PSA ARUBA 2930F','PE-T153-SE-PSA-EA-EQCOM-DAT','ARUBA','CN01HKW1YM',40093848),
	(1019,2452226,'SWITCH SE RMY  IE-4010-4S24P 01','PE-T153-SE-RMY-EA-EQCOM-DAT','CISCO','',40070966),
	(1020,2049825,'SWITCH SE RMY CATALYST 3560 01','PE-T153-SE-RMY-EA-EQCOM-DAT','CISCO','1.08E+15',NULL),
	(1021,2293467,'SWITCH SE RMY ZTCNC CISCO 3650','PE-T153-SE-RMY-EA-EQCOM-DAT','CISCO','FDO2124E161',40059711),
	(1022,2552195,'SWITCH SE TIN  IE-4010-4S24P','PE-T153-SE-TIN-EA-EQCOM-DAT','CISCO','FDO2651J627',NULL),
	(1023,2449562,'SWITCH ZOTCNC  IE-4010-4S24P 01','PE-T153-TA-EDI-OP-EDI10','CISCO','',40071322),
	(1024,2449563,'SWITCH ZOTCNC  IE-4010-4S24P 02','PE-T153-TA-EDI-OP-EDI10','CISCO','',40071323),
	(1025,2294203,'SWITCH ZOTCNC WS-C3650-24PS','','CISCO','FD02142E13D',NULL),
	(1026,2293465,'SWITCH ZT CNC CISCO 3650','PE-T153-TA-EDI-OP-EDI05','CISCO','FDO2124Z02B',40059710),
	(1027,2556623,'SWITCH-SE BNI-CISCOIE-4010-4S24P','PE-T153-SE-BNI-EA-EQCOM-DAT','CISCO','',NULL),
	(1028,2494584,'SWITCH-SE MPA-CISCOIE-4010-4S24P','PE-T153-SE-MPA-EA-EQCOM-DAT','CISCO','',40083665),
	(1029,2494582,'SWITCH-SE PCN-CISCOIE-4010-4S24P','PE-T153-SE-PCN-EA-EQCOM-DAT','CISCO','',40083678),
	(1030,2484248,'SWITCH-SE PJU-CISCOIE-4010-4S24P','PE-T153-SE-PJU-EA-EQCOM-DAT','CISCO','',40071167),
	(1031,2556640,'SWITCH-SE PKP-CISCOIE-4010-4S24P','PE-T153-SE-PKP-EA-EQCOM-DAT','CISCO','',NULL),
	(1032,2556625,'SWITCH-SE PMO-CISCOIE-4010-4S24P','PE-T153-SE-PMO-EA-EQCOM-DAT','CISCO','',NULL),
	(1033,2556628,'SWITCH-SE PMU-CISCOIE-4010-4S24P','PE-T153-SE-PMU-EA-EQCOM-DAT','CISCO','',NULL),
	(1034,2556637,'SWITCH-SE PSA-CISCOIE-4010-4S24P','PE-T153-SE-PSA-EA-EQCOM-DAT','CISCO','',NULL),
	(1035,2556641,'SWITCH-SE YXE-CISCOIE-4010-4S24P','PE-T153-SE-YXE-EA-EQCOM-DAT','CISCO','',NULL),
	(1036,2241910,'TELEFONO  IP SE IBR  SIEMENS','PE-T153-SE-IBR-EA-EQCOM-CON','','',40014848),
	(1037,2241908,'TELEFONO ANA  SE IBR EUROSET 3020','PE-T153-SE-IBR-EA-EQCOM-CON','','',NULL),
	(1038,1546747,'TELEFONO ANA CARRIER. NIZ GAI TRONICS','PE-T153-SE-NIZ-EA-EQCOM-CON','GAI-TRONICS','S/N',40014277),
	(1039,1546755,'TELEFONO ANA SE BLM GAITRONI CARRIER','PE-T153-SE-BLM-EA-EQCOM-CON','GAI-TRONICS','S/N',44030516),
	(1040,1546753,'TELEFONO ANA SE CNC GAITRONI CARRIER','DD-T153-SE-CNC-EA-EQCOM-CON','GAI-TRONICS','SIN NUMERO DE SERIE',NULL),
	(1041,2242435,'TELEFONO ANA SE MPA EUROSET 3005','PE-T153-SE-MPA-EA-EQCOM-DAT','','',NULL),
	(1042,2289080,'TELEFONO IP ADMINISTRADOR CP7821K9 35080','PE-T153-TA-COM-OA-OFBNP-CON','CISCO','WZP21291B1D',40059671),
	(1043,2293906,'TELEFONO IP AUX COMPRAS CP7821K9 35088','PE-T153-TA-COM-OA-OFBNP-CON','CISCO','WZP21370L2V',40059696),
	(1044,2293902,'TELEFONO IP AUX CONTA CP7821K9 35084','PE-T153-TA-COM-OA-OFBNP-CON','CISCO','WZP21370KXH',40059692),
	(1045,2289078,'TELEFONO IP AUX CTR Y COM CP7821K9 35061','PE-T153-TA-COM-OA-OFBNP-CON','CISCO','WZP21291BD8',40059669),
	(1046,2293899,'TELEFONO IP AUX CTRL GEST CP7821K9 35074','PE-T153-TA-COM-OA-OFBNP-CON','CISCO','WZP21370KBJ',40059689),
	(1047,2289072,'TELEFONO IP AUX SES Y LTS CP7821K9 35021','PE-T153-TA-COM-OA-OFBNP-CON','CISCO','WZP212901QE',40059663),
	(1048,2289070,'TELEFONO IP AUX SUPTTE CP7821K9 35002','PE-T153-TA-COM-OA-OFBNP-CON','CISCO','WZP21291BEK',40059661),
	(1049,2336325,'TELEFONO IP COMS RESPALD CP 8845K9 35001','PE-T153-TA-COM-OA-OFBNP-CON','CISCO','PUC21418ODA',40064758),
	(1050,2450401,'TELEFONO IP DEPTO ADMON 35080','PE-T153-TA-COM-OA-OFBNP-CON','CISCO','',40070120),
	(1051,2450386,'TELEFONO IP DEPTO COMUNICACIONES 35050','PE-T153-TA-COM-OA-OFBNP-CON','CISCO','',40070117),
	(1052,2450394,'TELEFONO IP DEPTO CONTROL 35060','PE-T153-TA-COM-OA-OFBNP-CON','CISCO','',40070118),
	(1053,2450397,'TELEFONO IP DEPTO CTRL DE GSTION  35070','PE-T153-TA-COM-OA-OFBNP-CON','CISCO','',40070119),
	(1054,2450372,'TELEFONO IP DEPTO LT\'S','PE-T153-TA-COM-OA-OFBNP-CON','CISCO','',40070115),
	(1055,2450403,'TELEFONO IP DEPTO MYPS 35090','PE-T153-TA-COM-OA-OFBNP-CON','CISCO','',40070121),
	(1056,2450383,'TELEFONO IP DEPTO PROTES 35040','PE-T153-TA-COM-OA-OFBNP-CON','CISCO','',40070116),
	(1057,2450368,'TELEFONO IP DEPTO SE¥S 35020','PE-T153-TA-COM-OA-OFBNP-CON','CISCO','',40070114),
	(1058,2289084,'TELEFONO IP ENC MOD Y PS CP7821K9 35090','PE-T153-TA-COM-OA-OFBNP-CON','CISCO','WZP21291BEW',40059675),
	(1059,2289085,'TELEFONO IP ENC OPR SRM CP7821K9 35200','PE-T153-TA-COM-OA-OFBNP-CON','CISCO','WZP21291BFK',40059676),
	(1060,2293893,'TELEFONO IP ENCAR SECCION CP7821K9 35012','PE-T153-TA-COM-OA-OFBNP-CON','CISCO','WZP21370LE7',40059683),
	(1061,2293891,'TELEFONO IP GUARDIA EVENT CP7821K9 35097','PE-T153-TA-COM-OA-OFBNP-CON','CISCO','WZP21370KW2',40059681),
	(1062,2289087,'TELEFONO IP JEFE COM SRM CP7821K9 35250','PE-T153-TA-COM-OA-OFBNP-CON','CISCO','WZP21291B0G',40059678),
	(1063,2289075,'TELEFONO IP JEFE DPTO COM CP7821K9 35050','PE-T153-TA-COM-OA-OFBNP-CON','CISCO','WZP21291BKR',40059666),
	(1064,2289077,'TELEFONO IP JEFE DPTO CTR CP7821K9 35060','PE-T153-TA-COM-OA-OFBNP-CON','CISCO','WZP21291BF2',40059668),
	(1065,2289088,'TELEFONO IP JEFE DPTO GES CP7821K9 35070','PE-T153-TA-COM-OA-OFBNP-CON','CISCO','WZP21291BGT',40059679),
	(1066,2289073,'TELEFONO IP JEFE DPTO LTS CP7821K9 35030','PE-T153-TA-COM-OA-OFBNP-CON','CISCO','WZP2129021Y',40059664),
	(1067,2289074,'TELEFONO IP JEFE DPTO PRO CP7821K9 35040','PE-T153-TA-COM-OA-OFBNP-CON','CISCO','WZP212921OY',40059665),
	(1068,2289071,'TELEFONO IP JEFE DPTO SES CP7821K9 35020','PE-T153-TA-COM-OA-OFBNP-CON','CISCO','WZP2129026C',40059662),
	(1069,2289076,'TELEFONO IP JEFE OFNA COM CP7821K9 35054','PE-T153-TA-COM-OA-OFBNP-CON','CISCO','WZP21291BTT',40059667),
	(1070,2289082,'TELEFONO IP JEFE OFNA RH CP7821K9 35082','PE-T153-TA-COM-OA-OFBNP-CON','CISCO','WZP21291BH8',40059673),
	(1071,2293913,'TELEFONO IP JEFE OFNA SE\' CP7821K9 35022','PE-T153-TA-COM-OA-OFBNP-CON','CISCO','WZP21370KUS',40059703),
	(1072,2289086,'TELEFONO IP JEFE SES SRM CP7821K9 35220','PE-T153-TA-COM-OA-OFBNP-CON','CISCO','WZP21291B36',40059677),
	(1073,2293896,'TELEFONO IP LABO COMS CP7821K9 35070','PE-T153-TA-COM-OA-OFBNP-CON','CISCO','WZP21370KSH',40059686),
	(1074,2293912,'TELEFONO IP LABO CONTROL CP7821K9 35062','PE-T153-TA-COM-OA-OFBNP-CON','CISCO','WZP21370KSW',40059702),
	(1075,2293910,'TELEFONO IP LABO PROTES CP7821K9 35043','PE-T153-TA-COM-OA-OFBNP-CON','CISCO','WZP21370KT0',40059700),
	(1076,2293901,'TELEFONO IP LOBBY SALA CA CP7821K9 35078','PE-T153-TA-COM-OA-OFBNP-CON','CISCO','WZP21370KUP',40059691),
	(1077,2369209,'TELEFONO IP MED','PE-T153-TA-COM-OA-OFBNP-CON','CISCO','WZP21370KWV',40067697),
	(1078,2369212,'TELEFONO IP MED','PE-T153-TA-COM-OA-OFBNP-CON','CISCO','WZP21370KUR',40067698),
	(1079,2369214,'TELEFONO IP MED','PE-T153-TA-COM-OA-OFBNP-CON','CISCO','WZP21370KTZ',40067699),
	(1080,2369215,'TELEFONO IP MED','PE-T153-TA-COM-OA-OFBNP-CON','CISCO','WZP21370KVD',40067700),
	(1081,2369217,'TELEFONO IP MED','PE-T153-TA-COM-OA-OFBNP-CON','CISCO','WZP21370KSU',40067701),
	(1082,2369218,'TELEFONO IP MED','PE-T153-TA-COM-OA-OFBNP-CON','CISCO','WZP21370KXL',40067702),
	(1083,2369219,'TELEFONO IP MED','PE-T153-TA-COM-OA-OFBNP-CON','CISCO','WZP21370KWZ',40067703),
	(1084,2369222,'TELEFONO IP MED','PE-T153-TA-COM-OA-OFBNP-CON','CISCO','WZP21370KUA',40067704),
	(1085,2369223,'TELEFONO IP MED','PE-T153-TA-COM-OA-OFBNP-CON','CISCO','WZP21370KWW',40067705),
	(1086,2369224,'TELEFONO IP MED','PE-T153-TA-COM-OA-OFBNP-CON','CISCO','WZP21370KUT',40067706),
	(1087,2369225,'TELEFONO IP MED','PE-T153-TA-COM-OA-OFBNP-CON','CISCO','WZP21370KTT',40067707),
	(1088,2369226,'TELEFONO IP MED','PE-T153-TA-COM-OA-OFBNP-CON','CISCO','WZP21370KVP',40067708),
	(1089,2552317,'TELEFONO IP MED GUARDIA PRICIPAL','PE-T153-TA-COM-RP-3REYE-VHF','CISCO','WZP24110Y48',40094410),
	(1090,2552316,'TELEFONO IP MED SE BLM 2','PE-T153-SE-BLM-EA-EQCOM-DAT','CISCO','WZP24110XZA',40094411),
	(1091,2293904,'TELEFONO IP NOMINAS CP7821K9 35086','PE-T153-TA-COM-OA-OFBNP-CON','CISCO','WZP21370KVG',40059694),
	(1092,2450412,'TELEFONO IP OFNA COMS PCN 35250','PE-T153-TA-COM-OA-OFBNP-CON','CISCO','',40070123),
	(1093,2450418,'TELEFONO IP OFNA SES PCN 35220','PE-T153-TA-COM-OA-OFBNP-CON','CISCO','FCH2414E43K',40070215),
	(1094,2293892,'TELEFONO IP PROF CALIDAD CP7821K9 35011','PE-T153-TA-COM-OA-OFBNP-CON','CISCO','WZP21370KU2',40059682),
	(1095,2293895,'TELEFONO IP PROF COMS CP7821K9 35070','PE-T153-TA-COM-OA-OFBNP-CON','CISCO','WZP21370KUV',40059685),
	(1096,2293911,'TELEFONO IP PROF CONTROL CP7821K9 35063','PE-T153-TA-COM-OA-OFBNP-CON','CISCO','WZP21370KV1',40059701),
	(1097,2293898,'TELEFONO IP PROF INFORMATICA 35070','PE-T153-TA-COM-OA-OFBNP-CON','CISCO','WZP21370KUQ',40059688),
	(1098,2293894,'TELEFONO IP PROF PROTES CP7821K9 35042','PE-T153-TA-COM-OA-OFBNP-CON','CISCO','WZP21370L6K',40059684),
	(1099,2293908,'TELEFONO IP RMY CAS CTRL CP7821K9 35110','PE-T153-TA-COM-OA-OFBNP-CON','CISCO','WZP21370KWS',40059698),
	(1100,2293900,'TELEFONO IP SALA CAPA CP7821K9 35077','PE-T153-TA-COM-OA-OFBNP-CON','CISCO','WZP21370KV3',40059690),
	(1101,2293897,'TELEFONO IP SALA COMS ZT CP7821K9 35056','PE-T153-TA-COM-OA-OFBNP-CON','CISCO','WZP21370KSG',40059687),
	(1102,2293890,'TELEFONO IP SALA JUNTAS CP7821K9 35003','PE-T153-TA-COM-OA-OFBNP-CON','CISCO','WZP21370KVT',40059680),
	(1103,2293916,'TELEFONO IP SE BALAM CP7821K9 35104','PE-T153-TA-COM-OA-OFBNP-CON','CISCO','WZP21370KU1',40059706),
	(1104,2293915,'TELEFONO IP SE CANCUN CP7821K9 35106','PE-T153-TA-COM-OA-OFBNP-CON','CISCO','WZP21370KV4',40059705),
	(1105,2293907,'TELEFONO IP SE NIZUC  CP7821K9 35102','PE-T153-SE-NIZ-EA-EQCOM-DAT','CISCO','WZP21370KWQ',40059697),
	(1106,2293917,'TELEFONO IP SE NIZUC CEV CP7821K9 35101','PE-T153-TA-COM-OA-OFBNP-CON','CISCO','WZP21370KX8',40059707),
	(1107,2289081,'TELEFONO IP SECRE ADMON CP7821K9 35081','PE-T153-TA-COM-OA-OFBNP-CON','CISCO','WZP21291BGC',40059672),
	(1108,2289079,'TELEFONO IP SECRE GESTION CP7821K9 35071','PE-T153-TA-COM-OA-OFBNP-CON','CISCO','WZP21291BF3',40059670),
	(1109,2289083,'TELEFONO IP SECRE TRABAJO CP7821K9 35083','PE-T153-TA-COM-OA-OFBNP-CON','CISCO','WZP21291BHL',40059674),
	(1110,2293903,'TELEFONO IP SEGUR SOCIAL CP7821K9 35070','PE-T153-TA-COM-OA-OFBNP-CON','CISCO','WZP21370KTO',40059693),
	(1111,2293905,'TELEFONO IP SERV GENERALS CP7821K9 35070','PE-T153-TA-COM-OA-OFBNP-CON','CISCO','WZP21370KX6',40059695),
	(1112,2450408,'TELEFONO IP STOCK','PE-T153-TA-COM-OA-OFBNP-CON','CISCO','',40070122),
	(1113,2336326,'TELEFONO IP SUPTTE ZTCNC CP 8845K9 35001','PE-T153-TA-COM-OA-OFBNP-CON','CISCO','PUC21418ODJ',40064759),
	(1114,2293909,'TELEFONO IP TALLER SE PCN CP7821K9 35121','PE-T153-TA-COM-OA-OFBNP-CON','CISCO','WZP21370KWU',40059699),
	(1115,2293914,'TELEFONO IP TECN SES SRM CP7821K9 35221','PE-T153-TA-COM-OA-OFBNP-CON','CISCO','WZP21370KSI',40059704),
	(1116,2294177,'TELEFONO IP ZOTCNC 7821-K9','','CISCO','WZP21291BB4',NULL),
	(1117,2294178,'TELEFONO IP ZOTCNC 7821-K9','','CISCO','WZP21291BBQ',NULL),
	(1118,2294180,'TELEFONO IP ZOTCNC 7821-K9','','CISCO','WZP21291BFY',NULL),
	(1119,2294184,'TELEFONO IP ZOTCNC 7821-K9','','CISCO','WZP21291BE0',NULL),
	(1120,2294186,'TELEFONO IP ZOTCNC 7821-K9','','CISCO','WZP21291BFU',NULL),
	(1121,2294187,'TELEFONO IP ZOTCNC 7821-K9','','CISCO','WZP21291BES',NULL),
	(1122,2294188,'TELEFONO IP ZOTCNC 7821-K9','','CISCO','WZP21291B6C',NULL),
	(1123,2294189,'TELEFONO IP ZOTCNC 7821-K9','','CISCO','WZP21291BYL',NULL),
	(1124,2294190,'TELEFONO IP ZOTCNC 7821-K9','','CISCO','WZP21291BCK',NULL),
	(1125,2294191,'TELEFONO IP ZOTCNC 7821-K9','','CISCO','WZP21291BJB',NULL),
	(1126,2294192,'TELEFONO IP ZOTCNC 7821-K9','','CISCO','WZP21291BC9',NULL),
	(1127,2294194,'TELEFONO IP ZOTCNC 7821-K9','','CISCO','WZP21291BFF',NULL),
	(1128,2294195,'TELEFONO IP ZOTCNC 7821-K9','','CISCO','WZP21291BFC',NULL),
	(1129,2294196,'TELEFONO IP ZOTCNC 7821-K9','','CISCO','WZP21291BH0',NULL),
	(1130,2294198,'TELEFONO IP ZOTCNC 7821-K9','','CISCO','WZP21291BJI',NULL),
	(1131,2294156,'TELEFONO IP ZOTCNC 8845','','CISCO','PUC21348PH2',NULL),
	(1132,2294200,'TELEFONO IP ZOTCNC 8845','','CISCO','PUC21348OK8',NULL),
	(1133,2489692,'TELEFONO IP_OFBNP_CP-7821-K9_FCH2414E5AS','PE-T153-TA-COM-OA-OFBNP-CON','CISCO','FCH2414E5AS',40085831),
	(1134,2491475,'TELEFONO IP_RENVO_CP-7821-K9_WZP24110Y5U','PE-T153-TA-COM-RP-VADNV','CISCO','',40084363),
	(1135,2491471,'TELEFONO IP_REPCN_CP-7821-K9_WZP24110Y6U','PE-T153-SE-PCN-EA-EQCOM-CON','CISCO','',40084379),
	(1136,2491457,'TELEFONO IP_SEBLM_CP-7821-K9_WZP24110Y7U','PE-T153-SE-BLM-EA-EQCOM-DAT','CISCO','',40084364),
	(1137,2489756,'TELEFONO IP_SEBNP_CP-7821-K9_WZP24110YAY','PE-T153-SE-BNP-EI-CASET','CISCO','WZP24110YAY',40082730),
	(1138,2489755,'TELEFONO IP_SECEK_CP-7821-K9_WZP24110WF4','PE-T153-SE-CEK-EI-CASET','CISCO','WZP24110WF4',40082731),
	(1139,2489757,'TELEFONO IP_SECNC_CP-7821-K9_WZP24110XZ5','PE-T153-SE-CNC-EI-CASET','CISCO','WZP24110XZ5',40082729),
	(1140,2489748,'TELEFONO IP_SEHBK_CP-7821-K9_WZP24110WJR','PE-T153-SE-HBK-EI-CASET','CISCO','WZP24110WJR',40082733),
	(1141,2489741,'TELEFONO IP_SEKUK_CP-7821-K9_WZ02410Y03','PE-T153-SE-KUK-EI-CASET','CISCO','WZ02410Y03',40082734),
	(1142,2489740,'TELEFONO IP_SENCT_CP-7821-K9_WZP24110Y5G','PE-T153-SE-NCT-EI-CASET','CISCO','WZP24110Y5G',40082740),
	(1143,2491466,'TELEFONO IP_SENIZ_CP-7821-K9_WZP24110Y6U','PE-T153-SE-NIZ-EA-EQCOM-DAT','CISCO','',40084361),
	(1144,2489737,'TELEFONO IP_SEPJU_CP-7821-K9_WZP24110Y8W','PE-T153-SE-PJU-EI-CASET','CISCO','WZP24110Y8W',40082741),
	(1145,2489732,'TELEFONO IP_SEPKP_CP-7821-K9_WZP24110XF0','PE-T153-SE-PKP-EI-CASET','CISCO','WZP24110XF0',40082742),
	(1146,2489731,'TELEFONO IP_SEPMO_CP-7821-K9_WZP24110YA3','PE-T153-SE-PMO-EI-CASET','CISCO','WZP24110YA3',40082743),
	(1147,2489719,'TELEFONO IP_SEPSA_CP-7821-K9_WZP24110Y83','PE-T153-SE-PSA-EI-CASET','CISCO','WZP24110Y83',40082744),
	(1148,2454960,'TELEFONO SATELITAL ZTCNC','PE-T153-TA-COM-OA-OFBNP-CON','IRIDIUM','',40071487),
	(1149,2331019,'TELEPROT NSD-570 BLM / BLM-KEK(HE580256)','PE-T153-SE-BLM-EA-EQCOM-FOP','ABB','HE580256',44080237),
	(1150,2357873,'TELEPROT NSD-570 KEK / KEK-BLM(HE580255)','PE-T153-SE-KEK-EA-EQCOM-FOP','ABB','',44080079),
	(1151,760847,'TELEPROT NSD-570 NIZ / BLM-VAD(HE520441)','PE-T153-SE-BLM-BL-93050-OPL','ABB','HE520441',44030518),
	(1152,2518531,'TELEPROT NSD-570 PMU / PMU-IXC','PE-T153-SE-IXC-EA-EQCOM','ABB','',NULL),
	(1153,2518529,'TELEPROT NSD-570 PMU/ PMU-IXC','PE-T153-SE-PMU-EA-EQCOM-FOP','ABB','',NULL),
	(1154,768859,'TELEPROT. TPD-1 NIZ-PCN (246)','PE-T153-SE-NIZ-EA-EQCOM-OPL','DIMAT','246',44031665),
	(1155,2241922,'TERMINAL OPTICA IBR','PE-T153-SE-IBR-EA-EQCOM-FOP','','',40014844),
	(1156,748478,'TRAMPA DE ONDA BLM A BLM-93050-VAD','PE-T153-SE-BLM-BL-93050-OPL','HAEFELY','902382',40014320),
	(1157,748506,'TRAMPA DE ONDA BLM A BLM-93060-NIZ','PE-T153-SE-BLM-BL-93060-OPL','HAEFELY TRENCH','42137-5',40014321),
	(1158,748477,'TRAMPA DE ONDA BLM B BLM-93050-VAD','PE-T153-SE-BLM-BL-93050-OPL','HAEFELY','902384',40014005),
	(1159,748505,'TRAMPA DE ONDA BLM B BLM-93060-NIZ','PE-T153-SE-BLM-BL-93060-OPL','HAEFELY','42137-6',40014000),
	(1160,2241345,'TRAMPA DE ONDA CEK A CEK-73460-TZM','PE-T153-SE-CEK-EA-EQCOM-OPL','','',40014807),
	(1161,2241347,'TRAMPA DE ONDA CEK B CEK-73460-TZM','PE-T153-SE-CEK-EA-EQCOM-OPL','','',40014809),
	(1162,749477,'TRAMPA DE ONDA NIZ B NIZ-73480-CEX','PE-T153-SE-NIZ-BM-73480-OPL','TRENCH ELECTRIC','205437-42',22133113),
	(1163,752855,'TRAMPA DE ONDA NIZ B NIZ-93040-RMY','PE-T153-SE-NIZ-BL-93040-OPL','HAEFELY TRENCH','42021-2',40014252),
	(1164,749253,'TRAMPA DE ONDA NIZ B NIZ-93060-BLM','PE-T153-SE-NIZ-BL-93060-OPL','HAEFELY','42137-8',40014253),
	(1165,749303,'TRAMPA DE ONDA NIZ B NIZ-93070-VAD','PE-T153-SE-NIZ-BL-93070-OPL','TRENCH ELECTRIC','205848-44',40014250),
	(1166,752856,'TRAMPA DE ONDA NIZ B NIZ-93170-RMY','PE-T153-SE-NIZ-BL-93170-OPL','TRENCH LIMITED','44191-5',40014251),
	(1167,749479,'TRAMPA DE ONDA NIZ C NIZ-73480-CEX','PE-T153-SE-NIZ-BM-73480-OPL','TRENCH ELECTRIC','205437-28',22133115),
	(1168,1195593,'TRAMPA DE ONDA NIZ C NIZ-93040-RMY','PE-T153-SE-NIZ-BL-93040-OPL','HAEFELY TRENCH','42021-3',40014256),
	(1169,805855,'TRAMPA DE ONDA NIZ C NIZ-93060-BLM','PE-T153-SE-NIZ-BL-93060-OPL','HAEFELY TRENCH','42137-7',40014249),
	(1170,749301,'TRAMPA DE ONDA NIZ C NIZ-93070-VAD','PE-T153-SE-NIZ-BL-93070-OPL','TRENCH ELECTRIC','24131-8',40014254),
	(1171,1195587,'TRAMPA DE ONDA NIZ C NIZ-93170-RMY','PE-T153-SE-NIZ-BL-93170-OPL','TRENCH LIMITED','44191-8',40014255),
	(1172,750060,'TRAMPA DE ONDA PCN B PCN-93180-RMY','PE-T153-SE-PCN-BL-93180-OPL','HAEFELY TRENCH','42021-4',40014024),
	(1173,1196112,'TRAMPA DE ONDA PCN B PCN-93190-RMY','PE-T153-SE-PCN-BL-93190-OPL','TRENCH LIMITED','44191-7',40014026),
	(1174,750064,'TRAMPA DE ONDA PCN C PCN-93180-RMY','PE-T153-SE-PCN-BL-93180-OPL','HAEFELY TRENCH','42021-1',40014027),
	(1175,1196115,'TRAMPA DE ONDA PCN C PCN-93190-RMY','PE-T153-SE-PCN-BL-93190-OPL','TRENCH LIMITED','44191-6',40014025),
	(1176,2049882,'TRAMPA DE ONDA RMY A RMY-93040-NIZ','PE-T153-SE-RMY-BL-93040-OPL','ABB','562860',22135167),
	(1177,2049880,'TRAMPA DE ONDA RMY A RMY-93170-NIZ','PE-T153-SE-RMY-BL-93170-OPL','ABB','562857',22135165),
	(1178,2049878,'TRAMPA DE ONDA RMY A RMY-93180-PCN','PE-T153-SE-RMY-BL-93180-OPL','ABB','562855',22135171),
	(1179,2049876,'TRAMPA DE ONDA RMY A RMY-93190-PCN','PE-T153-SE-RMY-BL-93190-OPL','ABB','562853',22135169),
	(1180,2049884,'TRAMPA DE ONDA RMY A RMY-A3Q60-DZT','PE-T153-SE-RMY-BL-A3Q60-OPL','ABB','562851',22133572),
	(1181,2049886,'TRAMPA DE ONDA RMY A RMY-A3Q70-DZT','PE-T153-SE-RMY-BL-A3Q70-OPL','ABB','562849',22133576),
	(1182,2049883,'TRAMPA DE ONDA RMY B RMY-93040-NIZ','PE-T153-SE-RMY-BL-93040-OPL','ABB','562859',22133582),
	(1183,2049881,'TRAMPA DE ONDA RMY B RMY-93170-NIZ','PE-T153-SE-RMY-BL-93170-OPL','ABB','562850',22133580),
	(1184,2049879,'TRAMPA DE ONDA RMY B RMY-93180-PCN','PE-T153-SE-RMY-BL-93180-OPL','ABB','562856',22133586),
	(1185,2049877,'TRAMPA DE ONDA RMY B RMY-93190-PCN','PE-T153-SE-RMY-BL-93190-OPL','ABB','562854',22133584),
	(1186,2049885,'TRAMPA DE ONDA RMY B RMY-A3Q60-DZT','PE-T153-SE-RMY-BL-A3Q60-OPL','ABB','562852',22133574),
	(1187,2049888,'TRAMPA DE ONDA RMY B RMY-A3Q70-DZT','PE-T153-SE-RMY-BL-A3Q70-OPL','ABB','562850',22133578),
	(1188,1880187,'TRANFER HTGCNC UCI224G 80KW 01','PE-T153-TA-COM-HT-HTCNC-FZA','OTTOMOTORES','10074T',40034666),
	(1189,1880197,'TRANFER HTMCOZ UCI224D 50KW 01','PE-T153-TA-COM-HT-HTCOZ-FZA','OTTOMOTORES','11656T',40035519),
	(1190,1880188,'TRANFER HTMPCN UCI224D 50KW 01','PE-T153-SE-PCN-HT-HSPCN-FZA','OTTOMOTORES','10162T',40034667),
	(1191,1954922,'TRANFER SE NIZ DS7320 50KW 01','PE-T153-SE-NIZ-EA-EQCOM-OPL','OTTOMOTORES','18800T',1000925),
	(1192,2049826,'UPS-SE RMY-NBKS1000','PE-T153-SE-RMY-EI-CASET','ISB SOLA BASIC','E14K19261',NULL),
	(1193,2049850,'UPS-SE RMY-PWS115-02','PE-T153-SE-RMY-EI-CASET','EATON CORPORATION','GE215A0763',NULL),
	(1194,2049853,'UPS-SE RMY-PWS115-03','PE-T153-SE-RMY-EI-CASET','EATON CORPORATION','GE215A0755',NULL),
	(1195,2049856,'UPS-SE RMY-XR-21-102-04','PE-T153-SE-RMY-EI-CASET','ISB SOLA BASIC','E-10-D-00185',NULL),
	(1196,1124020,'VCONFERENCIA OA BNP 1000 SUPT01','PE-T153-TA-COM-OA-OFBNP-DAT','TANDBERG','1307370R3',NULL),
	(1197,2289093,'VCONFERENCIA OA BNP CTS SX20N CAPA01','PE-T153-TA-COM-OA-OFBNP-DAT','CISCO','FTT213400V1',40064949),
	(1198,1124019,'VCONFERENCIA OA BNP HDX8000 CAPA01','PE-T153-TA-COM-OA-OFBNP-DAT','TANDBERG','51.01399',40022524),
	(1199,2289095,'VCONFERENCIA OA BNP PANTALLA 01 SHARP','PE-T153-TA-COM-OA-OFBNP-DAT','SHARP','78416251',40064947),
	(1200,2289172,'VCONFERENCIA OA BNP PANTALLA 02 SHARP','PE-T153-TA-COM-OA-OFBNP-DAT','SHARP','78416250',40064948),
	(1201,1967522,'ZOTCNC BB 01-48','PE-T153-TA-SES-EA-CCAYD-SPD-BB','ESB','S/N',40014556);

/*!40000 ALTER TABLE `r3` ENABLE KEYS */;
UNLOCK TABLES;


# Volcado de tabla subestaciones
# ------------------------------------------------------------

DROP TABLE IF EXISTS `subestaciones`;

CREATE TABLE `subestaciones` (
  `id` int(10) NOT NULL AUTO_INCREMENT,
  `nombre` varchar(260) DEFAULT NULL,
  `alias` varchar(10) DEFAULT NULL,
  `ubicacion` longtext DEFAULT NULL,
  `descripcion` longtext DEFAULT NULL,
  `instalaciones` varchar(20) DEFAULT NULL,
  `active` tinyint(1) DEFAULT NULL,
  PRIMARY KEY (`id`)
) ENGINE=InnoDB DEFAULT CHARSET=utf8mb4 COLLATE=utf8mb4_general_ci;

LOCK TABLES `subestaciones` WRITE;
/*!40000 ALTER TABLE `subestaciones` DISABLE KEYS */;

INSERT INTO `subestaciones` (`id`, `nombre`, `alias`, `ubicacion`, `descripcion`, `instalaciones`, `active`)
VALUES
	(1,'NIZUC','NIZ',NULL,NULL,'1',1),
	(2,'TINTAL','TIN',NULL,NULL,'1,15',1),
	(3,'BALAM','BLM',NULL,NULL,'1',0),
	(4,'RIVIERA MAYA','RMY',NULL,NULL,'1,3,4,5',0),
	(5,'PLAYA DEL CARMEN','PCN',NULL,NULL,'1,7,8',0),
	(6,'CANCUN','CNC',NULL,NULL,'1,10',0),
	(7,'BONAMPACK','BNP',NULL,NULL,'1',0),
	(8,'PETEMPICH','PTP',NULL,NULL,'1',1),
	(9,'MOON PALACE','MPA',NULL,NULL,'1',0),
	(10,'CHEMUYIL','CHY',NULL,NULL,'1',1),
	(11,'PUERTO JUAREZ','PJU',NULL,NULL,'1',0),
	(12,'ZONA DE OPERACION','ZOT',NULL,NULL,NULL,0),
	(13,'HOTEL GRANDE CANCUN','HTGCNC',NULL,NULL,NULL,0),
	(14,'ZONA DE TRANSMISION CANCUN','ZTCNC',NULL,NULL,NULL,0),
	(16,'CASETA CONFIABILIDAD','CCONIZ',NULL,NULL,NULL,0),
	(17,'PUERTO MORELOS','PMO',NULL,NULL,NULL,0),
	(18,'AKTUN CHEN','AUC',NULL,NULL,NULL,0),
	(19,'AKUMAL DOS','AKD',NULL,NULL,NULL,0),
	(21,'NICTE HA','NIH',NULL,NULL,NULL,0),
	(22,'CHAAC','HAA',NULL,NULL,NULL,0),
	(23,'YAXCHE','YXE',NULL,NULL,NULL,0),
	(24,'PUNTA SAM','PSA',NULL,NULL,NULL,0),
	(25,'KEKEN','KEK',NULL,NULL,NULL,0),
	(26,'TULUM','TUM',NULL,NULL,NULL,0),
	(27,'AKBAL','AKB',NULL,NULL,NULL,0),
	(28,'DZITNUP','DZT',NULL,NULL,NULL,0),
	(29,'CHEMAX','CEX',NULL,NULL,NULL,0),
	(30,'ZAC NICTE','ZNE',NULL,NULL,NULL,0),
	(31,'PLAYA MUJERES','PMU',NULL,NULL,NULL,0),
	(32,'HUNABKU','HBK',NULL,NULL,NULL,0),
	(33,'KABAH','KAB',NULL,NULL,NULL,0),
	(34,'POKTAPOK','PKP',NULL,NULL,NULL,0),
	(35,'NICHUPTE','NCT',NULL,NULL,NULL,0),
	(36,'KUKULKAN','KUK',NULL,NULL,NULL,0),
	(37,'CANEK','CEK',NULL,NULL,NULL,0),
	(38,'BONFIL','BNI',NULL,NULL,NULL,0);

/*!40000 ALTER TABLE `subestaciones` ENABLE KEYS */;
UNLOCK TABLES;


# Volcado de tabla tipo_caracteristicas
# ------------------------------------------------------------

DROP TABLE IF EXISTS `tipo_caracteristicas`;

CREATE TABLE `tipo_caracteristicas` (
  `id` int(10) NOT NULL AUTO_INCREMENT,
  `caracteristica` varchar(240) DEFAULT NULL,
  PRIMARY KEY (`id`)
) ENGINE=InnoDB DEFAULT CHARSET=utf8mb4 COLLATE=utf8mb4_general_ci;

LOCK TABLES `tipo_caracteristicas` WRITE;
/*!40000 ALTER TABLE `tipo_caracteristicas` DISABLE KEYS */;

INSERT INTO `tipo_caracteristicas` (`id`, `caracteristica`)
VALUES
	(1,'DIRECCION IP'),
	(2,'SOFTWARE DE GESTIÓN'),
	(3,'INSTALACIÓN'),
	(4,'LINEA '),
	(5,'TIPO DE CONECTOR '),
	(6,'VERSIÓN'),
	(7,'FREQ TX'),
	(8,'FREQ RX'),
	(9,'POTENICIA '),
	(10,'IDENTIFICADOR'),
	(11,'PTU'),
	(12,'IDENTIFICADOR LADO EQUIPO'),
	(13,'SERVICIO'),
	(14,'TIPO DE CABLE '),
	(15,'REGISTRO DE SERVICIO'),
	(16,'IDENTIFICADOR LADO SWICHT'),
	(17,'IDENTIFICADOR PP USUARIO LADO RACK'),
	(18,'DISPARO'),
	(19,'NO. DE FIBRAS'),
	(20,'DIRECCIÓN '),
	(21,'CIRCUITO'),
	(22,'LONGITUD DE ENLACE'),
	(23,'PUERTOS DISPONIBLES '),
	(24,'TIPO DE FIBRA '),
	(25,'ATENUACIÓN TOTAL (dB)'),
	(26,'ATENUACIÓN (dB/Km)'),
	(27,'OBSERVACIONES '),
	(28,'EXTENSIÓN '),
	(29,'IP POR MOXA'),
	(30,'TIPO DE PROTECCIÓN '),
	(31,'CLIENTE'),
	(32,'PUERTO ECI '),
	(33,'SITIO'),
	(34,'USER'),
	(35,'PASSWORD'),
	(36,'IP LOOPBACK');

/*!40000 ALTER TABLE `tipo_caracteristicas` ENABLE KEYS */;
UNLOCK TABLES;


# Volcado de tabla tipo_de_instalacion
# ------------------------------------------------------------

DROP TABLE IF EXISTS `tipo_de_instalacion`;

CREATE TABLE `tipo_de_instalacion` (
  `id` int(10) NOT NULL AUTO_INCREMENT,
  `nombre` varchar(240) DEFAULT NULL,
  `alias` varchar(240) DEFAULT NULL,
  KEY `id` (`id`)
) ENGINE=InnoDB DEFAULT CHARSET=utf8mb4 COLLATE=utf8mb4_general_ci;

LOCK TABLES `tipo_de_instalacion` WRITE;
/*!40000 ALTER TABLE `tipo_de_instalacion` DISABLE KEYS */;

INSERT INTO `tipo_de_instalacion` (`id`, `nombre`, `alias`)
VALUES
	(1,'CASETA DE CONTROL','CASETA'),
	(2,'COMPENSADOR ESTATICO DE VARS','CEV'),
	(3,'SUBESTACION AISLADA POR GAS 115 KV','GIS 115 KV'),
	(4,'SUBESTACION AISLADA POR GAS 230 KV','GIS 230 KV'),
	(5,'SUBESTACION AISLADA POR GAS 400 KV','GIS 400 KV'),
	(6,'HOTEL DE TELECOMUNICACIONES GRANDE','HTG'),
	(7,'HOTEL DE TELECOMUNICACIONES MEDIADO','HTM'),
	(8,'HOTEL DE COMUNICACIONES CONFIABILIDAD','CONFIABILIDAD'),
	(9,'CASETA DE MICRONDAS','M.O'),
	(10,'CASETA DE OPLAT','OPLAT'),
	(11,'CASETA DE HICOM','HICOM'),
	(12,'ALMACEN DE TRANSMISION','ALMACEN'),
	(13,'ZONA DE OPERACION DE TRANSMISION CANCUN','ZOT'),
	(14,'ZONA DE TRANSMISION ','ZT'),
	(15,'DIAGRAMA UNIFILAR','UNIFILAR');

/*!40000 ALTER TABLE `tipo_de_instalacion` ENABLE KEYS */;
UNLOCK TABLES;


# Volcado de tabla tipo_equipo
# ------------------------------------------------------------

DROP TABLE IF EXISTS `tipo_equipo`;

CREATE TABLE `tipo_equipo` (
  `id` int(10) NOT NULL AUTO_INCREMENT,
  `nombre` varchar(260) DEFAULT NULL,
  `tipo` varchar(250) DEFAULT NULL,
  `alias` varchar(250) DEFAULT NULL,
  `descripcion` longtext DEFAULT NULL,
  PRIMARY KEY (`id`)
) ENGINE=InnoDB DEFAULT CHARSET=utf8mb4 COLLATE=utf8mb4_general_ci;

LOCK TABLES `tipo_equipo` WRITE;
/*!40000 ALTER TABLE `tipo_equipo` DISABLE KEYS */;

INSERT INTO `tipo_equipo` (`id`, `nombre`, `tipo`, `alias`, `descripcion`)
VALUES
	(1,'Distribuidor optico SM','T-DISTOPT','ODF SM SC',NULL),
	(2,'Router','T-ROUTER','ROUTER',NULL),
	(3,'Switch','T-SWITCH','SWITCH',NULL),
	(4,'OPLAT','T-TELEPRO','OPLAT ',NULL),
	(5,'Multiplexor','T-TOPTICA','MULTIPLEXOR',NULL),
	(6,'Teleprotecion Analógica  ','T-TELEPRO','Teleprot A',NULL),
	(7,'Teleprotección Digital','T-TELEPRO','Teleprot D',NULL),
	(8,'Proteccion Primaria ','T-PROTEC','PP1',NULL),
	(9,'Proteccion Primaria Respaldo ','T-PROTEC','PP2',NULL),
	(10,'Unidad de Control de BAHIA','T-PROTEC','UCB',NULL),
	(11,'Planta de Fuerza 48 VCD','T-ENERGIA','PLANTA 48',NULL),
	(12,'Medidor Multifunción ','T-PROTEC','MMF',NULL),
	(13,'Bloc de Pruebas','T-PROTEC','BP',NULL),
	(14,'Distribudor óptico MM','T-DISTOPT','ODF MM',NULL),
	(16,'CARGADOR DE BATERIAS ','T-CARBAT','CARGADOR BATERIAS',NULL),
	(17,'GPS','T-GPS','GPS',NULL),
	(18,'Organizador Eléctrico','T-DATA','PANDUIT',NULL),
	(19,'Organizador Óptico','T-OPTICA','PANDUIT ',NULL),
	(20,'Protección Diferencial ','T-PROTEC','87',NULL),
	(21,'Controlador de automatización en tiempo real','T-PROTEC','RTAC PLC',NULL),
	(22,'RELEVADOR ','T-PROTEC','87B',NULL),
	(23,'RELEVADOR 50FI','T-PROTEC','PBF',NULL),
	(24,'LED INDICADORES','T-PROTEC','86B/86BU',NULL),
	(25,'CONCENTRADOR DE PUERTOS','T-PROTEC','CP',NULL),
	(26,'Esquema de Accion Remedial','T-PROTEC','ESMAR',NULL),
	(27,'Unidad Medicion Fasorial','T-PROTEC','PMU',NULL),
	(28,'Registrador de Disturbios','T-PROTEC','RD',NULL),
	(29,'Nodo de agregación','T-OPTICA','NODO OTN ',NULL),
	(30,'Tablero de distribución dual','T-FUERZA','DISTRIBUIDOR DE CARGAS',NULL),
	(31,'PENDIENTE MEI ORG HOR 19\" 1UR ','T-FUERZA','ORGANIZADOR ',NULL),
	(32,'MULTIPLEXOR FOX 515','T-OPTICAL','FOX 515',NULL),
	(33,'MULTIPLEXOR FOX 616','T-OPTICAL','FOX 616',NULL),
	(34,'NODO NTP 1020 ECI','T-OPTICAL','ECI 1020',NULL),
	(35,'NODO NTP 1200 ECI','T-OPTICAL','ECI 1200',NULL),
	(36,'TERMOSTATO','T-INSTRUMENTACIÓN ','TERMOMETRO',NULL),
	(37,'PATCH PANEL TELEFONICO','T-DATA','PATCH PANEL',NULL),
	(38,'ORG PANEL 1UR','T-DATA','ORGANIZADOR 1UR',NULL),
	(39,'ORG PANEL 2UR','T-DATA','ORGANIZADOR 2UR',NULL),
	(40,'TELEFONO VOIP ','T-VOIP','TEL VOIP',NULL),
	(41,'PATCH PANEL 24PTOS RJ45','T-DATA','PATCH PANEL OP',NULL),
	(42,'ORGANIZADOR FO FMT','T-OPTICAL','ORGANIZADOR FO',NULL),
	(43,'DISTRIBUIDOR ÓPTICO LC','T-DISTOPT','ODF SM LC',NULL),
	(44,'MCAD','T-CONTROL','MCAD GE',NULL),
	(45,'MONITOR','T-CONTROL','CCL',NULL),
	(46,'TECLADO','T-CONTROL','TECLADO',NULL),
	(47,'CPU','T-CONTROL','CPU',NULL),
	(48,'FIREWALL','T-CONTROL','FIREWALL',NULL),
	(49,'GATEWAY',NULL,NULL,NULL),
	(50,'PATCHPANEL BNC','T-BNCPATCH','BNCPATCH',NULL),
	(51,'TELEFONO IP','T-TEL','TEL',NULL),
	(52,'RADIO TAIT','T-TAIT','TAIT',NULL);

/*!40000 ALTER TABLE `tipo_equipo` ENABLE KEYS */;
UNLOCK TABLES;


# Volcado de tabla usuarios
# ------------------------------------------------------------

DROP TABLE IF EXISTS `usuarios`;

CREATE TABLE `usuarios` (
  `id` int(10) NOT NULL AUTO_INCREMENT,
  `nombre` varchar(260) DEFAULT NULL,
  `apellido` varchar(260) DEFAULT NULL,
  `rp` varchar(5) NOT NULL,
  `depto` int(10) DEFAULT NULL,
  `puesto` int(10) DEFAULT NULL,
  PRIMARY KEY (`id`,`rp`)
) ENGINE=InnoDB DEFAULT CHARSET=utf8mb4 COLLATE=utf8mb4_general_ci;



# Volcado de tabla zonas
# ------------------------------------------------------------

DROP TABLE IF EXISTS `zonas`;

CREATE TABLE `zonas` (
  `id` int(11) unsigned NOT NULL AUTO_INCREMENT,
  `nombre` varchar(240) DEFAULT NULL,
  `abreviacion` varchar(100) DEFAULT NULL,
  PRIMARY KEY (`id`)
) ENGINE=InnoDB DEFAULT CHARSET=utf8mb4 COLLATE=utf8mb4_general_ci;

LOCK TABLES `zonas` WRITE;
/*!40000 ALTER TABLE `zonas` DISABLE KEYS */;

INSERT INTO `zonas` (`id`, `nombre`, `abreviacion`)
VALUES
	(1,'ZONA DE TRANSMISION CANCUN','ZTCNC'),
	(2,'ZONA DE TRANSMISION YUCATAN ','ZTYUC'),
	(3,'ZONA DE OPERACION TRANSMISION CANCUN','ZOT'),
	(4,'CENTRO DE OPERACION REGIONAL DE FIBRA OPTICA','COREFO');

/*!40000 ALTER TABLE `zonas` ENABLE KEYS */;
UNLOCK TABLES;



/*!40111 SET SQL_NOTES=@OLD_SQL_NOTES */;
/*!40101 SET SQL_MODE=@OLD_SQL_MODE */;
/*!40014 SET FOREIGN_KEY_CHECKS=@OLD_FOREIGN_KEY_CHECKS */;
/*!40101 SET CHARACTER_SET_CLIENT=@OLD_CHARACTER_SET_CLIENT */;
/*!40101 SET CHARACTER_SET_RESULTS=@OLD_CHARACTER_SET_RESULTS */;
/*!40101 SET COLLATION_CONNECTION=@OLD_COLLATION_CONNECTION */;
